PLAYER,TEAM,2026,CH 25-26,ST 25-26,2027,CH 26-27,ST 26-27,2028,CH 27-28,ST 27-28,2029,CH 28-29,ST 28-29,2030,CH 29-30,ST 29-30,2031,CH 30-31,ST 30-31,TOTAL GUARANTEED (with 2024-25)
Jalen Johnson,Atlanta,"$30,000,000","$30,000,000",GUARANTEED,"$30,000,000","$30,000,000",GUARANTEED,"$30,000,000","$30,000,000",GUARANTEED,"$30,000,000","$30,000,000",GUARANTEED,"$30,000,000","$30,000,000",GUARANTEED,,,,"$154,510,905"
Dyson Daniels,Atlanta,"$7,707,709","$7,707,709",GUARANTEED,"$25,000,000","$25,000,000",GUARANTEED,"$25,000,000","$25,000,000",GUARANTEED,"$25,000,000","$25,000,000",GUARANTEED,"$25,000,000","$25,000,000",GUARANTEED,,,,"$113,767,229"
CJ McCollum,Atlanta,"$30,666,666","$30,666,666",GUARANTEED,"$21,000,000","$21,000,000",GUARANTEED,,,,,,,,,,,,,"$84,999,999"
Luguentz Dort,Atlanta,"$17,222,222","$17,222,222",GUARANTEED,"$17,222,222","$17,222,222",GUARANTEED,,,,,,,,,,,,,"$51,444,444"
Onyeka Okongwu,Atlanta,"$15,000,000","$15,000,000",GUARANTEED,"$16,120,000","$16,120,000",GUARANTEED,"$16,880,000","$16,880,000",GUARANTEED,,,,,,,,,,"$62,000,000"
Nickeil Alexander-Walker,Atlanta,"$15,161,800","$15,161,800",GUARANTEED,"$14,403,710","$14,403,710",GUARANTEED,"$15,161,800","$15,161,800",GUARANTEED,"$15,919,890","$15,919,890",PLAYER OPT,,,,,,,"$64,959,700"
Dorian Finney-Smith,Atlanta,"$12,700,000","$12,700,000",GUARANTEED,"$14,196,974","$14,196,974",GUARANTEED,"$13,335,000",$0,NOT G,"$13,335,000",$0,PLAYER OPT,,,,,,,"$41,821,141"
Jock Landale,Atlanta,"$2,461,463","$2,296,274",GUARANTEED,"$14,100,000","$14,100,000",GUARANTEED,,,,,,,,,,,,,"$24,561,463"
Corey Kispert,Atlanta,"$13,975,000","$13,975,000",GUARANTEED,"$13,975,000","$13,975,000",GUARANTEED,"$13,050,000","$13,050,000",GUARANTEED,"$13,050,000",$0,TEAM OPT,,,,,,,"$46,705,887"
Aaron Wiggins,Atlanta,"$9,887,850","$9,887,850",GUARANTEED,"$9,028,038","$9,028,038",GUARANTEED,"$8,168,226","$8,168,226",GUARANTEED,"$8,168,226",$0,TEAM OPT,,,,,,,"$37,598,131"
Kingston Flemings,Atlanta,,,,"$7,348,680","$7,348,680",GUARANTEED,"$7,716,120","$7,716,120",GUARANTEED,"$8,083,680",$0,TEAM OPT,"$10,282,441",$0,TEAM OPT,,,,"$16,046,702"
Zuby Ejiofor,Atlanta,,,,"$3,453,360","$3,453,360",GUARANTEED,"$3,626,160","$3,626,160",GUARANTEED,"$3,798,360",$0,TEAM OPT,"$6,445,817",$0,TEAM OPT,,,,"$8,061,422"
Asa Newell,Atlanta,"$3,237,480","$3,237,480",GUARANTEED,"$3,399,480","$3,399,480",GUARANTEED,"$3,560,880",$0,TEAM OPT,"$6,042,813",$0,TEAM OPT,,,,,,,"$6,636,960"
Mouhamed Gueye,Atlanta,"$2,221,677","$2,221,677",GUARANTEED,"$2,406,205",$0,NOT G,,,,,,,,,,,,,"$4,113,534"
Henri Veesaar,Atlanta,,,,"$1,357,763","$1,357,763",GUARANTEED,"$2,294,370","$2,294,370",GUARANTEED,"$2,694,363",$0,NOT G,"$2,918,152",$0,TEAM OPT,,,,"$3,652,133"
Cameron Corhen,Atlanta,,,,"$1,357,763",$0,NOT G,,,,,,,,,,,,,$0
Kobe Johnson,Atlanta,,,,"$1,357,763",$0,NOT G,,"$190,605,227",,,,,,,,,,,"$190,605,227"
Jalen Wilson,Atlanta,"$2,221,677","$2,221,677",GUARANTEED,"$678,882",$0,TWO-WAY,,,,,,,,,,,,,"$4,113,534"
RayJ Dennis,Atlanta,"$331,365",$0,TWO-WAY,"$678,882",$0,TWO-WAY,,,,,,,,,,,,,$0
Keshon Gilbert,Atlanta,"$128,686",$0,TWO-WAY,"$678,882",$0,TWO-WAY,,,,,,,,,,,,,$0
Jayson Tatum,Boston,"$54,126,450","$54,126,450",GUARANTEED,"$58,456,566","$58,456,566",GUARANTEED,"$62,786,682","$62,786,682",GUARANTEED,"$67,116,798","$67,116,798",GUARANTEED,"$71,446,914","$71,446,914",PLAYER OPT,,,,"$348,781,750"
Paul George,Boston,"$51,666,090","$51,666,090",GUARANTEED,"$54,126,380","$54,126,380",GUARANTEED,"$56,586,670","$56,586,670",PLAYER OPT,,,,,,,,,,"$211,584,940"
Derrick White,Boston,"$28,100,000","$28,100,000",GUARANTEED,"$30,348,000","$30,348,000",GUARANTEED,"$32,596,000","$32,596,000",GUARANTEED,"$34,844,000","$34,844,000",PLAYER OPT,,,,,,,"$145,709,429"
Mitchell Robinson,Boston,"$12,954,546","$12,954,546",GUARANTEED,"$15,044,000","$15,044,000",GUARANTEED,"$15,796,200","$15,796,200",GUARANTEED,"$16,548,400","$16,548,400",PLAYER OPT,,,,,,,"$74,661,328"
Sam Hauser,Boston,"$10,044,644","$10,044,644",GUARANTEED,"$10,848,215","$10,848,215",GUARANTEED,"$11,651,785","$11,651,785",GUARANTEED,"$12,455,356","$12,455,356",GUARANTEED,,,,,,,"$47,092,344"
Payton Pritchard,Boston,"$7,232,143","$7,232,143",GUARANTEED,"$7,767,857","$7,767,857",GUARANTEED,"$8,303,571","$8,303,571",GUARANTEED,,,,,,,,,,"$30,000,000"
Mike Conley,Boston,"$1,148,727","$725,834",GUARANTEED,"$3,876,529","$2,449,421",GUARANTEED,,,,,,,,,,,,,"$15,001,218"
Ron Harper Jr,Boston,"$123,045","$123,045",GUARANTEED,"$3,150,752","$3,150,752",GUARANTEED,"$3,308,290","$3,308,290",GUARANTEED,"$3,465,828",$0,NOT G,"$3,779,359",$0,TEAM OPT,,,,"$6,582,087"
Chris Cenac,Boston,,,,"$2,988,120","$2,988,120",GUARANTEED,"$3,137,640","$3,137,640",GUARANTEED,"$3,287,400",$0,TEAM OPT,"$5,930,470",$0,TEAM OPT,,,,"$7,107,662"
Hugo Gonzalez,Boston,"$2,783,880","$2,783,880",GUARANTEED,"$2,923,560","$2,923,560",GUARANTEED,"$3,062,640",$0,TEAM OPT,"$5,528,065",$0,TEAM OPT,,,,,,,"$5,707,440"
Luka Garza,Boston,"$2,461,463","$2,461,463",GUARANTEED,"$2,801,346","$2,801,346",GUARANTEED,,,,,,,,,,,,,"$7,425,415"
Baylor Scheierman,Boston,"$2,619,000","$2,619,000",GUARANTEED,"$2,744,040","$2,744,040",GUARANTEED,"$4,952,992",$0,TEAM OPT,,,,,,,,,,"$7,857,360"
Neemias Queta,Boston,"$2,349,578","$2,349,578",GUARANTEED,"$2,667,944","$2,667,944",GUARANTEED,"$12,500,000","$12,500,000",GUARANTEED,"$13,500,000","$13,500,000",GUARANTEED,"$14,500,000","$14,500,000",GUARANTEED,"$15,500,000","$15,500,000",GUAANTEED,"$63,180,128"
Devin Carter,Boston,"$4,923,720","$4,923,720",GUARANTEED,"$2,449,421",$0,NOT G,,,,,,,,,,,,,"$9,612,720"
Jordan Walsh,Boston,"$2,221,677","$2,221,677",GUARANTEED,"$2,406,205","$2,406,205",GUARANTEED,"$5,000,000","$5,000,000",GUARANTEED,"$5,250,000","$5,250,000",GUARANTEED,"$5,500,000",$0,TEAM OPT,,,,"$16,769,739"
Hayden Gray,Boston,"$14,631","$14,631",GUARANTEED,"$2,185,116",$0,NOT G,,,,,,,,,,,,,"$12,662,952"
Gabe McGlothan,Boston,,,,"$2,185,116",$0,NOT G,,,,,,,,,,,,,$0
Tucker DeVries,Boston,,,,"$1,357,763",$0,NOT G,,,,,,,,,,,,,$0
Milos Uzan,Boston,,,,"$1,357,763",$0,NOT G,,,,,,,,,,,,,$0
Amari Williams,Boston,"$490,128","$490,128",GUARANTEED,"$678,882",$0,TWO-WAY,,,,,,,,,,,,,"$490,128"
Dillon Mitchell,Boston,"$490,128","$490,128",GUARANTEED,"$678,882",$0,TWO-WAY,,,,,,,,,,,,,"$490,128"
Michael Porter,Brooklyn,"$38,333,050","$38,333,050",GUARANTEED,"$40,806,150","$40,806,150",GUARANTEED,,,,,,,,,,,,,"$114,999,150"
Julius Randle,Brooklyn,"$30,864,198","$30,864,198",GUARANTEED,"$33,333,334","$33,333,334",GUARANTEED,"$35,802,468","$35,802,468",PLAYER OPT,,,,,,,,,,"$133,073,920"
Terance Mann,Brooklyn,"$15,500,000","$15,500,000",GUARANTEED,"$15,500,000","$15,500,000",GUARANTEED,"$16,000,000","$16,000,000",GUARANTEED,,,,,,,,,,"$58,423,077"
Day'Ron Sharpe,Brooklyn,"$6,250,000","$6,250,000",GUARANTEED,"$10,000,000","$10,000,000",GUARANTEED,"$10,000,000",$0,TEAM OPT,,,,,,,,,,"$20,239,122"
Keon Ellis,Brooklyn,"$2,301,587","$2,301,587",GUARANTEED,"$9,000,000","$9,000,000",GUARANTEED,"$9,000,000",$0,TEAM OPT,,,,,,,,,,"$13,422,280"
Moritz Wagner,Brooklyn,"$5,000,000","$5,000,000",GUARANTEED,"$9,000,000","$9,000,000",GUARANTEED,"$9,450,000",$0,TEAM OPT,,,,,,,,,,"$25,000,000"
Mikel Brown,Brooklyn,,,,"$8,787,000","$8,787,000",GUARANTEED,"$9,226,440","$9,226,440",GUARANTEED,"$9,666,000",$0,TEAM OPT,"$12,256,488",$0,TEAM OPT,,,,"$18,995,342"
Egor Demin,Brooklyn,"$6,889,200","$6,889,200",GUARANTEED,"$7,233,720","$7,233,720",GUARANTEED,"$7,578,240",$0,TEAM OPT,"$9,639,521",$0,TEAM OPT,,,,,,,"$14,122,920"
Noah Clowney,Brooklyn,"$3,398,640","$3,398,640",GUARANTEED,"$5,414,034","$5,414,034",GUARANTEED,,,,,,,,,,,,,"$12,056,754"
Josh Minott,Brooklyn,"$2,378,870","$2,378,870",GUARANTEED,"$4,500,000","$4,500,000",GUARANTEED,"$4,500,000",$0,TEAM OPT,,,,,,,,,,"$8,898,569"
Nolan Traore,Brooklyn,"$3,811,560","$3,811,560",GUARANTEED,"$4,002,000","$4,002,000",GUARANTEED,"$4,193,040",$0,TEAM OPT,"$6,457,282",$0,TEAM OPT,,,,,,,"$7,813,560"
Drake Powell,Brooklyn,"$3,372,240","$3,372,240",GUARANTEED,"$3,540,600","$3,540,600",GUARANTEED,"$3,709,320",$0,TEAM OPT,"$6,101,831",$0,TEAM OPT,,,,,,,"$6,912,840"
Ben Saraf,Brooklyn,"$2,884,560","$2,884,560",GUARANTEED,"$3,028,560","$3,028,560",GUARANTEED,"$3,172,920",$0,TEAM OPT,"$5,720,775",$0,TEAM OPT,,,,,,,"$5,913,120"
Joshua Jefferson,Brooklyn,,,,"$2,969,520","$2,969,520",GUARANTEED,"$3,118,560","$3,118,560",GUARANTEED,"$3,266,880",$0,TEAM OPT,"$5,896,718",$0,TEAM OPT,,,,"$7,069,982"
Danny Wolf,Brooklyn,"$2,801,280","$2,801,280",GUARANTEED,"$2,941,440","$2,941,440",GUARANTEED,"$3,081,840",$0,TEAM OPT, ,$0,TEAM OPT,,,,,,,"$5,742,720"
Ben Humrichous,Brooklyn,,,,"$1,357,763",$0,NOT G,,,,,,,,,,,,,$0
Dain Dainja,Brooklyn,,,,"$1,357,763",$0,NOT G,,,,,,,,,,,,,$0
Chaney Johnson,Brooklyn,"$347,451",$0,TWO-WAY,"$678,882",$0,TWO-WAY,,,,,,,,,,,,,$0
Grant Nelson,Brooklyn,"$636,435",$0,TWO-WAY,"$678,882",$0,TWO-WAY,,,,,,,,,,,,,$0
Tyler Bilodeau,Brooklyn,"$1,131,970","$1,131,970",GUARANTEED,"$678,882",$0,TWO-WAY,,,,,,,,,,,,,"$1,131,970"
Coby White,Charlotte,"$12,888,889","$12,888,889",GUARANTEED,"$26,811,593","$26,811,593",GUARANTEED,"$24,666,667","$24,666,667",GUARANTEED,"$22,521,740","$22,521,740",GUARANTEED,,,,,,,"$98,888,889"
Naz Reid,Charlotte,"$21,551,724","$21,551,724",GUARANTEED,"$23,275,862","$23,275,862",GUARANTEED,"$25,000,000","$25,000,000",GUARANTEED,"$26,724,138","$26,724,138",GUARANTEED,"$28,448,276","$28,448,276",PLAYER OPT,,,,"$138,986,432"
Grayson Allen,Charlotte,"$16,875,000","$16,875,000",GUARANTEED,"$18,125,000","$18,125,000",GUARANTEED,"$19,375,000","$19,375,000",PLAYER OPT,,,,,,,,,,"$70,000,000"
Brandon Miller,Charlotte,"$11,968,800","$11,968,800",GUARANTEED,"$15,104,626","$15,104,626",GUARANTEED,,,,,,,,,,,,,"$38,498,026"
Dennis Schroeder,Charlotte,"$14,104,000","$14,104,000",GUARANTEED,"$14,809,200","$14,809,200",GUARANTEED,"$15,514,400","$4,350,000",PARTIAL G,,,,,,,,,,"$46,288,450"
Grant Williams,Charlotte,"$13,645,500","$13,645,500",GUARANTEED,"$14,265,750","$14,265,750",GUARANTEED,,,,,,,,,,,,,"$40,936,500"
Royce O'Neale,Charlotte,"$10,125,000","$10,125,000",GUARANTEED,"$10,875,000","$10,875,000",GUARANTEED,"$11,625,000","$11,625,000",GUARANTEED,,,,,,,,,,"$42,000,000"
Kon Knueppel,Charlotte,"$10,015,680","$10,015,680",GUARANTEED,"$10,516,560","$10,516,560",GUARANTEED,"$11,017,560",$0,TEAM OPT,"$13,937,213",$0,TEAM OPT,,,,,,,"$20,532,240"
Tidjane Salaun,Charlotte,"$7,863,240","$7,863,240",GUARANTEED,"$8,237,880","$8,237,880",GUARANTEED,"$10,445,632",$0,TEAM OPT,,,,,,,,,,"$23,589,840"
Hannes Steinbach,Charlotte,,,,"$5,227,200","$5,227,200",GUARANTEED,"$5,488,560","$5,488,560",GUARANTEED,"$5,750,160",$0,TEAM OPT,"$8,515,987",$0,TEAM OPT,,,,"$11,697,662"
Christian Anderson,Charlotte,,,,"$4,257,480","$4,257,480",GUARANTEED,"$4,470,000","$4,470,000",GUARANTEED,"$4,683,120",$0,TEAM OPT,"$7,202,639",$0,TEAM OPT,,,,"$9,709,382"
Pat Connaughton,Charlotte,"$1,315,814","$1,315,814",GUARANTEED,"$3,815,861",$0,NOT G,,,,,,,,,,,,,"$10,739,683"
Liam McNeeley,Charlotte,"$2,763,960","$2,763,960",GUARANTEED,"$2,902,080","$2,902,080",GUARANTEED,"$3,040,320",$0,TEAM OPT,"$5,487,778",$0,TEAM OPT,,,,,,,"$5,666,040"
Moussa Diabate,Charlotte,"$2,270,735","$2,270,735",GUARANTEED,"$2,461,462","$2,461,462",GUARANTEED,,,,,,,,,,,,,"$5,689,960"
Ryan Kalkbrenner,Charlotte,"$2,296,274","$2,296,274",GUARANTEED,"$2,411,090","$2,411,090",GUARANTEED,"$2,525,901",$0,NOT G,"$2,735,698",$0,TEAM OPT,,,,,,,"$4,707,364"
Sion James,Charlotte,"$2,296,274","$2,296,274",GUARANTEED,"$2,411,090","$2,411,090",GUARANTEED,"$2,525,901",$0,NOT G,"$2,735,698",$0,TEAM OPT,,,,,,,"$4,707,364"
Jarkel Joiner,Charlotte,,,,"$1,357,763",$0,NOT G,,,,,,,,,,,,,$0
Wyatt Fricks,Charlotte,,,,"$1,357,763",$0,NOT G,,,,,,,,,,,,,$0
PJ Hall,Charlotte,"$353,885",$0,TWO-WAY,"$678,882",$0,TWO-WAY,,,,,,,,,,,,,$0
Michael Ajayi,Charlotte,"$157,640",$0,TWO-WAY,"$678,882",$0,TWO-WAY,"$716,081",$0,TWO-WAY,,,,,,,,,,$0
Kylan Boswell,Charlotte,"$157,640",$0,TWO-WAY,"$678,882",$0,TWO-WAY,"$716,081",$0,TWO-WAY,,,,,,,,,,$0
Josh Giddey,Chicago,"$25,000,000","$25,000,000",GUARANTEED,"$25,000,000","$25,000,000",GUARANTEED,"$25,000,000","$25,000,000",GUARANTEED,"$25,000,000","$25,000,000",GUARANTEED,,,,,,,"$108,352,367"
Nicolas Claxton,Chicago,"$25,541,760","$25,541,760",GUARANTEED,"$23,320,738","$23,320,738",GUARANTEED,"$21,099,720","$21,099,720",GUARANTEED,,,,,,,,,,"$97,519,035"
Norman Powell,Chicago,"$20,482,758","$20,482,758",GUARANTEED,"$21,500,000","$21,500,000",GUARANTEED,"$22,575,000",$0,TEAM OPT,,,,,,,,,,"$61,224,137"
Patrick Williams,Chicago,"$18,000,000","$18,000,000",GUARANTEED,"$18,000,000","$18,000,000",GUARANTEED,"$18,000,000","$18,000,000",GUARANTEED,"$18,000,000","$18,000,000",PLAYER OPT,,,,,,,"$90,000,000"
Isaac Okoro,Chicago,"$11,000,000","$11,000,000",GUARANTEED,"$11,814,814","$11,814,814",GUARANTEED,,,,,,,,,,,,,"$33,000,000"
Caleb Wilson,Chicago,,,,"$10,683,720","$10,683,720",GUARANTEED,"$11,217,960","$15,485,760",GUARANTEED,"$11,752,320",$0,TEAM OPT,"$14,866,685",$0,TEAM OPT,,,,"$22,883,582"
Buddy Hield,Chicago,"$9,219,512","$9,219,512",GUARANTEED,"$9,658,536","$9,658,536",GUARANTEED,"$10,097,560","$3,136,364",PARTIAL G,,,,,,,,,,"$30,794,900"
Jalen Smith,Chicago,"$9,000,000","$9,000,000",GUARANTEED,"$9,428,571","$9,428,571",GUARANTEED,,,,,,,,,,,,,"$27,000,000"
Zach Collins,Chicago,"$18,080,496","$18,080,496",GUARANTEED,"$8,500,000","$8,500,000",GUARANTEED,"$8,500,000",$0,TEAM OPT,,,,,,,,,,"$43,321,696"
Tre Jones,Chicago,"$8,000,000","$8,000,000",GUARANTEED,"$8,000,000","$8,000,000",GUARANTEED,"$8,000,000",$0,TEAM OPT,,,,,,,,,,"$25,104,167"
Matas Buzelis,Chicago,"$5,455,560","$5,455,560",GUARANTEED,"$5,715,360","$5,715,360",GUARANTEED,"$7,584,283",$0,TEAM OPT,,,,,,,,,,"$16,366,440"
Noa Essengue,Chicago,"$5,429,520","$5,429,520",GUARANTEED,"$5,701,200","$5,701,200",GUARANTEED,"$5,972,760",$0,TEAM OPT,"$8,230,463",$0,TEAM OPT,,,,,,,"$11,130,720"
Dailyn Swain,Chicago,,,,"$4,965,480","$4,965,480",GUARANTEED,"$5,213,760","$15,485,760",GUARANTEED,"$5,461,920",$0,TEAM OPT,"$8,373,123",$0,TEAM OPT,,,,"$11,161,142"
Orlando Robinson,Chicago,,,,"$2,625,627",$0,NOT G,,,,,,,,,,,,,$0
BJ Boston,Chicago,,,,"$2,625,627",$0,NOT G,,,,,,,,,,,,,$0
Drew Peterson,Chicago,,,,"$2,537,526",$0,NOT G,,,,,,,,,,,,,$0
Isaiah Stevens,Chicago,"$636,435",$0,TWO-WAY,"$2,449,421",$0, NOT G,,,,,,,,,,,,,$0
Leonard Miller,Chicago,"$2,221,677","$2,221,677",GUARANTEED,"$2,406,205","$2,406,205",GUARANTEED,,,,,,,,,,,,,"$6,519,739"
Jalen Bridges,Chicago,"$636,435",$0,TWO-WAY,"$2,185,116",$0,NOT G,,,,,,,,,,,,,$0
Tobe Awaka,Chicago,,,,"$678,882",$0,TWO-WAY,,,,,,,,,,,,,$0
Jaylin Sellers,Chicago,,,,"$678,882",$0,TWO-WAY,,,,,,,,,,,,,$0
Donovan Mitchell,Cleveland,"$46,394,100","$46,394,100",GUARANTEED,"$50,105,628","$50,105,628",GUARANTEED,"$60,900,000","$60,900,000",GUARANTEED,"$65,772,000","$65,772,000",GUARANTEED,"$70,644,000","$70,644,000",GUARANTEED,"$75,516,000","$75,516,000",PLAYER OPT,"$404,742,038"
Evan Mobley,Cleveland,"$46,394,100","$46,394,100",GUARANTEED,"$50,105,628","$50,105,628",GUARANTEED,"$53,817,156","$53,817,156",GUARANTEED,"$57,528,684","$57,528,684",GUARANTEED,"$61,240,212","$61,240,212",GUARANTEED,,,,"$280,313,437"
James Harden,Cleveland,"$39,446,090","$39,446,090",GUARANTEED,"$30,647,619","$30,647,619",GUARANTEED,"$32,180,000","$32,180,000",GUARANTEED,"$33,712,381","$33,712,381",PLAYER OPT,,,,,,,"$169,639,936"
Jarrett Allen,Cleveland,"$20,000,000","$20,000,000",GUARANTEED,"$28,000,000","$28,000,000",GUARANTEED,"$30,240,000","$30,240,000",GUARANTEED,"$32,480,000","$32,480,000",GUARANTEED,,,,,,,"$130,720,000"
Peyton Watson,Cleveland,"$4,356,476","$4,356,476",GUARANTEED,"$20,465,116","$20,465,116",GUARANTEED,"$21,488,372","$21,488,372",GUARANTEED,"$22,511,628","$22,511,628",GUARANTEED,"$23,534,884","$23,534,884",PLAYER OPT,,,,"$94,770,036"
Sam Merrill,Cleveland,"$8,482,144","$8,482,144",GUARANTEED,"$9,160,715","$9,160,715",GUARANTEED,"$9,839,285","$9,839,285",GUARANTEED,"$10,517,856","$10,517,856",GUARANTEED,,,,,,,"$40,164,993"
Jaylon Tyson,Cleveland,"$3,492,480","$3,492,480",GUARANTEED,"$3,658,560","$3,658,560",GUARANTEED,"$5,641,500",$0,TEAM OPT,,,,,,,,,,"$10,477,200"
Thomas Bryant,Cleveland,"$3,287,409","$2,296,274",GUARANTEED,"$3,524,115","$2,449,421",GUARANTEED,,,,,,,,,,,,,"$9,612,358"
Mario Hezonja,Cleveland,"$113,171","$105,576",GUARANTEED,"$2,845,883",$0,NOT G,,,,,,,,,,,,,"$2,275,777"
Nae'Qwan Tomlin,Cleveland,"$718,150","$718,150",GUARANTEED,"$2,411,090","$2,411,090",GUARANTEED,,,,,,,,,,,,,"$3,129,240"
Craig Porter,Cleveland,"$2,221,677","$2,221,677",GUARANTEED,"$2,406,205",$0,NOT G,,,,,,,,,,,,,"$4,113,534"
Kadary Richmond,Cleveland,,,,"$2,185,116",$0,NOT G,,,,,,,,,,,,,$0
Curtis Jones,Cleveland,"$636,435",$0,TWO-WAY,"$2,185,116",$0,NOT G,,,,,,,,,,,,,$0
Tyrese Proctor,Cleveland,"$1,272,870","$1,272,870",GUARANTEED,"$2,150,917","$2,150,917",GUARANTEED,"$2,525,901","$500,000",PARTIAL G,"$2,735,698",$0,TEAM OPT,,,,,,,"$3,923,787"
Meleek Thomas,Cleveland,,,,"$1,357,763","$1,357,763",GUARANTEED,"$2,294,370","$2,294,370",GUARANTEED,"$2,694,363","$2,694,363",GUARANTEED,"$2,918,152",$0,TEAM OPT,,,,"$6,346,496"
Khalifa Diop,Cleveland,,,,"$1,357,763","$1,357,763",GUARANTEED,"$2,294,371",$0,NOT G,"$2,694,363",$0,NOT G,"$2,918,152",$0,TEAM OPT,,,,"$1,357,763"
Zack Austin,Cleveland,,,,"$1,357,763",$0,NOT G,,,,,,,,,,,,,$0
Rashaun Agee,Cleveland,,,,"$1,357,763",$0,NOT G,,,,,,,,,,,,,$0
Tristan Enaruna,Cleveland,"$241,285",$0,TWO-WAY,"$678,882",$0,TWO-WAY,,,,,,,,,,,,,$0
Riley Minix,Cleveland,"$189,811",$0,TWO-WAY,"$678,882",$0,TWO-WAY,,,,,,,,,,,,,$0
Ernest Udeh,Cleveland,,,,"$678,882",$0,TWO-WAY,,,,,,,,,,,,,$0
Kyrie Irving,Dallas,"$36,566,002","$36,566,002",GUARANTEED,"$39,491,282","$39,491,282",GUARANTEED,"$42,416,562","$42,416,562",PLAYER OPT,,,,,,,,,,"$158,473,846"
PJ Washington,Dallas,"$14,152,174","$14,152,174",GUARANTEED,"$19,813,044","$19,813,044",GUARANTEED,"$21,398,088","$21,398,088",GUARANTEED,"$22,983,132","$22,983,132",GUARANTEED,"$24,568,176","$24,568,176",GUARANTEED,,,,"$118,414,614"
Daniel Gafford,Dallas,"$14,386,320","$14,386,320",GUARANTEED,"$17,263,584","$17,263,584",GUARANTEED,"$18,126,763","$18,126,763",GUARANTEED,"$18,989,942","$18,989,942",GUARANTEED,,,,,,,"$82,160,769"
Santiago Aldama,Dallas,"$18,485,916","$18,485,916",GUARANTEED,"$17,007,043","$17,007,043",GUARANTEED,"$17,007,043",$0,TEAM OPT,,,,,,,,,,"$39,453,490"
Cooper Flagg,Dallas,"$13,825,920","$13,825,920",GUARANTEED,"$14,517,480","$14,517,480",GUARANTEED,"$15,208,680",$0,TEAM OPT,"$19,178,145",$0,TEAM OPT,,,,,,,"$28,343,400"
Zaccharie Risacher,Dallas,"$13,197,720","$13,197,720",GUARANTEED,"$13,826,040","$16,120,000",GUARANTEED,"$17,434,636",$0,TEAM OPT,,,,,,,,,,"$39,592,800"
Caleb Martin,Dallas,"$9,594,044","$9,594,044",GUARANTEED,"$10,001,494","$10,001,494",GUARANTEED,"$9,731,351","$9,731,351",PLAYER OPT,,,,,,,,,,"$38,513,483"
Naji Marshall,Dallas,"$9,000,000","$9,000,000",GUARANTEED,"$9,428,571","$9,428,571",GUARANTEED,"$18,195,600","$18,195,600",GUARANTEED,"$17,323,584","$17,323,584",GUARANTEED,"$16,680,816","$16,680,816",GUARANTEED,,,,"$79,200,000"
Max Christie,Dallas,"$7,714,286","$7,714,286",GUARANTEED,"$8,285,714","$8,285,714",GUARANTEED,"$8,857,143","$8,857,143",PLAYER OPT,,,,,,,,,,"$32,000,000"
Dereck Lively,Dallas,"$5,253,360","$5,253,360",GUARANTEED,"$7,239,130","$7,239,130",GUARANTEED,,,,,,,,,,,,,"$17,507,050"
Morez Johnson,Dallas,,,,"$6,754,800","$6,754,800",GUARANTEED,"$7,093,080","$7,093,080",GUARANTEED,"$7,430,640",$0,TEAM OPT,"$9,466,635",$0,TEAM OPT,,,,"$14,829,782"
Marcus Sasser,Dallas,"$2,886,720","$2,886,720",GUARANTEED,"$5,198,983","$5,198,983",GUARANTEED,,,,,,,,,,,,,"$10,840,783"
Dwight Powell,Dallas,"$4,000,000","$4,000,000",GUARANTEED,"$3,876,529","$1,000,000",PARTIAL G,,,,,,,,,,,,,"$9,000,000"
Sergio De Larrea,Dallas,,,,"$3,182,280","$3,182,280",GUARANTEED,"$3,341,280","$3,341,280",GUARANTEED,"$3,500,880",$0,TEAM OPT,"$6,305,085",$0,TEAM OPT,,,,"$7,505,462"
Tarik Biberovic,Dallas,"$2,857,143","$2,857,143",GUARANTEED,"$3,000,000","$3,000,000",GUARANTEED,"$3,000,000",$0,TEAM OPT,,,,,,,,,,"$5,857,143"
Seth Lundy,Dallas,,,,"$2,449,421",$0,NOT G,,,,,,,,,,,,,$0
Moussa Cisse,Dallas,"$636,435",$0,TWO-WAY,"$2,185,116","$1,092,558",PARTIAL G,"$2,571,895",$0,NOT G,,,,,,,,,,"$1,092,558"
Jett Howard,Dallas,"$5,529,720","$5,529,720",GUARANTEED,"$678,882",$0,TWO-WAY,,,,,,,,,,,,,"$10,808,040"
John Poulakidas,Dallas,"$141,554",$0,TWO-WAY,"$678,882",$0,TWO-WAY,,,,,,,,,,,,,"$1,157,153"
Tobi Lawal,Dallas,"$141,554",$0,TWO-WAY,"$678,882",$0,TWO-WAY,,,,,,,,,,,,,"$596,581"
Nikola Jokic,Denver,"$55,224,526","$55,224,526",GUARANTEED,"$59,033,114","$59,033,114",GUARANTEED,"$62,841,702","$62,841,702",PLAYER OPT,,,,,,,,,,"$228,515,280"
Jamal Murray,Denver,"$46,394,100","$46,394,100",GUARANTEED,"$50,105,628","$50,105,628",GUARANTEED,"$53,817,156","$53,817,156",GUARANTEED,"$57,528,684","$57,528,684",GUARANTEED,,,,,,,"$243,861,768"
Aaron Gordon,Denver,"$22,841,455","$22,841,455",GUARANTEED,"$31,978,037","$31,978,037",GUARANTEED,"$34,536,280","$34,536,280",GUARANTEED,"$37,094,523","$37,094,523",PLAYER OPT,,,,,,,"$149,291,750"
Cameron Johnson,Denver,"$21,057,065","$21,057,065",GUARANTEED,"$23,062,500","$23,062,500",GUARANTEED,,,,,,,,,,,,,"$67,182,065"
Christian Braun,Denver,"$4,921,797","$4,921,797",GUARANTEED,"$21,551,726","$21,551,726",GUARANTEED,"$23,275,863","$23,275,863",GUARANTEED,"$25,000,000","$25,000,000",GUARANTEED,"$26,724,137","$26,724,137",GUARANTEED,"$28,448,274","$28,448,274",GUARANTEED,"$133,011,437"
Zeke Nnaji,Denver,"$8,177,778","$8,177,778",GUARANTEED,"$7,466,667","$7,466,667",GUARANTEED,"$7,466,667","$7,466,667",PLAYER OPT,,,,,,,,,,"$32,000,001"
Spencer Jones,Denver,"$623,967","$623,967",GUARANTEED,"$6,000,000","$6,000,000",GUARANTEED,"$5,750,000","$5,750,000",GUARANTEED,,,,,,,,,,"$12,373,967"
Julian Strawther,Denver,"$2,674,200","$2,674,200",GUARANTEED,"$4,826,931","$4,826,931",GUARANTEED,,,,,,,,,,,,,"$10,053,651"
DeMar DeRozan,Denver,"$24,570,000","$24,570,000",GUARANTEED,"$3,876,529","$2,449,421",GUARANTEED,,,,,,,,,,,,,"$51,846,529"
Tyus Jones,Denver,"$814,552","$514,682",GUARANTEED,"$3,876,529","$2,449,421",GUARANTEED,,,,,,,,,,,,,"$7,994,851"
Marvin Bagley,Denver,"$3,080,921","$2,296,274",GUARANTEED,"$3,506,659","$2,449,421",GUARANTEED,,,,,,,,,,,,,"$19,087,580"
DaRon Holmes,Denver,"$3,218,760","$3,218,760",GUARANTEED,"$3,372,120","$3,372,120",GUARANTEED,"$5,547,137",$0,TEAM OPT,,,,,,,,,,"$9,656,520"
Lonnie Walker,Denver,,,,"$3,286,399",$0,NOT G,,,,,,,,,,,,,$0
Emanuel Miller,Denver,"$157,640",$0,TWO-WAY,"$2,449,421",$0,NOT G,,,,,,,,,,,,,$0
Trevon Brazile,Denver,,,,"$1,357,763","$1,357,763",GUARANTEED,"$2,294,370","$2,294,370",GUARANTEED,"$2,694,363",$0,NOT G,"$2,918,152",$0,TEAM OPT,,,,"$3,652,133"
Alpha Diallo,Denver,,,,"$1,357,763","$1,357,763",GUARANTEED,,,,,,,,,,,,,"$1,357,763"
Dane Goodwin,Denver,,,,"$1,357,763",$0,NOT G,,,,,,,,,,,,,$0
Coleman Hawkins,Denver,,,,"$1,357,763",$0,NOT G,,,,,,,,,,,,,$0
Ryan Nembhard,Denver,"$321,875","$321,875",GUARANTEED,"$678,882",$0,TWO-WAY,,,,,,,,,,,,,"$321,875"
Cam Whitmore,Denver,"$3,539,760","$3,539,760",GUARANTEED,"$678,882",$0,TWO-WAY,,,,,,,,,,,,,"$6,918,840"
Bryce Hopkins,Denver,"$636,435",$0,TWO-WAY,"$678,882",$0,TWO-WAY,,,,,,,,,,,,,$0
Cade Cunningham,Detroit,"$46,394,100","$46,394,100",GUARANTEED,"$50,105,628","$50,105,628",GUARANTEED,"$53,817,156","$53,817,156",GUARANTEED,"$57,528,684","$57,528,684",GUARANTEED,"$61,240,212","$61,240,212",GUARANTEED,,,,"$283,026,589"
Jalen Duren,Detroit,"$6,483,144","$6,483,144",GUARANTEED,"$40,160,643","$40,160,643",GUARANTEED,"$36,947,792","$36,947,792",GUARANTEED,"$38,955,824","$38,955,824",GUARANTEED,"$40,963,856","$40,963,856",GUARANTEED,"$42,971,885","$42,971,885",GUARANTEED,"$211,019,984"
John Collins,Detroit,"$26,580,000","$26,580,000",GUARANTEED,"$17,000,000","$17,000,000",GUARANTEED,"$17,000,000",$0,NOT G,"$17,000,000",$0,NOT G,,,,,,,"$70,160,000"
Duncan Robinson,Detroit,"$16,834,692","$16,834,692",GUARANTEED,"$15,992,957","$2,000,000",PARTIAL G,"$15,151,222",$0,NOT G,,,,,,,,,,"$38,240,692"
Isaiah Joe,Detroit,"$12,362,338","$12,362,338",GUARANTEED,"$11,323,006","$11,323,006",GUARANTEED,"$11,323,006",$0,TEAM OPT,,,,,,,,,,"$36,676,994"
Ausar Thompson,Detroit,"$8,775,000","$8,775,000",GUARANTEED,"$11,117,925","$11,117,925",GUARANTEED,"$26,724,138","$26,724,138",GUARANTEED,"$28,862,069","$28,862,069",GUARANTEED,"$31,000,000","$31,000,000",GUARANTEED,"$33,137,931","$33,137,931",GUARANTEED,"$183,268,925"
Kevin Huerter,Detroit,"$17,991,071","$17,991,071",GUARANTEED,"$9,507,042","$9,507,042",GUARANTEED,"$8,746,479","$8,746,479",GUARANTEED,"$8,746,479",$0,TEAM OPT,,,,,,,"$53,074,949"
Ron Holland,Detroit,"$8,657,280","$8,657,280",GUARANTEED,"$9,069,600","$9,069,600",GUARANTEED,"$11,491,183",$0,TEAM OPT,,,,,,,,,,"$25,972,200"
Paul Reed,Detroit,"$5,335,894","$5,335,894",GUARANTEED,"$5,602,689",$0,NOT G,,,,,,,,,,,,,"$6,866,269"
Ebuka Okorie,Detroit,,,,"$4,481,280","$4,481,280",GUARANTEED,"$4,705,440","$4,705,440",GUARANTEED,"$4,929,360",$0,TEAM OPT,"$7,571,497",$0,TEAM OPT,,,,"$10,168,622"
Daniss Jenkins,Detroit,"$3,809,524","$3,809,524",GUARANTEED,"$4,000,000","$4,000,000",GUARANTEED,,,,,,,,,,,,,"$7,809,524"
Javonte Green,Detroit,"$2,874,436","$2,296,274",GUARANTEED,"$3,943,679","$3,943,679",GUARANTEED,,,,,,,,,,,,,"$7,515,070"
Taurean Prince,Detroit,"$3,303,774","$3,303,774",GUARANTEED,"$3,815,861","$3,815,861",GUARANTEED,,,,,,,,,,,,,"$10,108,185"
Gary Harris,Detroit,"$3,634,153","$3,634,153",GUARANTEED,"$3,815,861","$3,815,861",GUARANTEED,,,,,,,,,,,,,"$14,950,014"
Tolu Smith,Detroit,"$70,638","$70,638",GUARANTEED,"$2,411,090",$0,NOT G,,,,,,,,,,,,,"$70,638"
Chaz Lanier,Detroit,"$1,372,870","$1,372,870",GUARANTEED,"$2,150,917","$2,150,917",GUARANTEED,"$2,525,901",$0,NOT G,"$2,735,698",$0,TEAM OPT,,,,,,,"$3,523,787"
John Ukomadu,Detroit,,,,"$1,357,763",$0,NOT G,,,,,,,,,,,,,$0
Brice Williams,Detroit,,,,"$1,357,763",$0,NOT G,,,,,,,,,,,,,$0
Elijah Harkless,Detroit,"$636,435",$0,TWO-WAY,"$678,882",$0,TWO-WAY,,,,,,,,,,,,,$0
Isaac Jones,Detroit,"$202,680",$0,TWO-WAY,"$678,882",$0,TWO-WAY,,,,,,,,,,,,,"$152,957"
Ugonna Onyenso,Detroit,"$141,554",$0,TWO-WAY,"$678,882",$0,TWO-WAY,"$716,081",$0,TWO-WAY,,,,,,,,,,"$596,581"
Stephen Curry,Golden State,"$59,606,817","$59,606,817",GUARANTEED,"$62,587,158","$62,587,158",GUARANTEED,"$55,700,000","$55,700,000",GUARANTEED,"$60,156,000","$60,156,000",PLAYER OPT,,,,,,,"$293,811,191"
Jimmy Butler,Golden State,"$54,126,450","$54,126,450",GUARANTEED,"$56,832,773","$56,832,773",GUARANTEED,,,,,,,,,,,,,"$159,757,900"
Draymond Green,Golden State,"$25,892,857","$25,892,857",GUARANTEED,"$27,678,571","$27,678,571",GUARANTEED,,,,,,,,,,,,,"$77,678,571"
Kristaps Porzingis,Golden State,"$30,731,707","$30,731,707",GUARANTEED,"$20,000,000","$20,000,000",GUARANTEED,"$20,000,000","$3,000,000",PARTIAL G,,,,,,,,,,"$83,000,000"
Moses Moody,Golden State,"$11,574,075","$11,574,075",GUARANTEED,"$12,500,000","$12,500,000",GUARANTEED,"$13,425,925","$13,425,925",GUARANTEED,,,,,,,,,,"$43,303,269"
Al Horford,Golden State,"$5,685,000","$5,685,000",GUARANTEED,"$6,822,000","$6,822,000",GUARANTEED,"$7,163,100","$7,163,100",PLAYER OPT,,,,,,,,,,"$29,170,100"
Yaxel Lendeborg,Golden State,,,,"$6,096,240","$6,096,240",GUARANTEED,"$6,401,280","$6,401,280",GUARANTEED,"$6,706,200",$0,TEAM OPT,"$8,899,127",$0,TEAM OPT,,,,"$12,497,520"
De'Anthony Melton,Golden State,"$3,080,921","$3,080,921",GUARANTEED,"$6,064,000","$6,064,000",GUARANTEED,"$6,367,200","$6,367,200",PLAYER OPT,,,,,,,,,,"$28,334,121"
Brandin Podziemski,Golden State,"$3,687,960","$3,687,960",GUARANTEED,"$5,679,458","$5,679,458",GUARANTEED,,,,,,,,,,,,,"$12,887,378"
Gui Santos,Golden State,"$2,221,677","$2,221,677",GUARANTEED,"$4,629,630","$4,629,630",GUARANTEED,"$5,000,000","$5,000,000",GUARANTEED,"$5,370,370","$5,370,370",PLAYER OPT,,,,,,,"$19,113,534"
Gary Payton II,Golden State,"$3,303,774","$2,296,274",GUARANTEED,"$3,876,529","$2,449,421",GUARANTEED,,,,,,,,,,,,,"$16,310,303"
Georges Niang,Golden State,"$814,552","$514,682",GUARANTEED,"$3,876,529","$1,838,009",PARTIAL G,,,,,,,,,,,,,"$5,956,331"
Charles Bassey,Golden State,"$113,171","$105,576",GUARANTEED,"$2,845,883","$1,400,000",PARTIAL G,,,,,,,,,,,,,"$3,675,777"
Brandon Williams,Golden State,"$2,270,735","$2,270,735",GUARANTEED,"$2,625,627",$0,NOT G,,,,,,,,,,,,,"$2,318,724"
Dalen Terry,Golden State,"$125,931","$125,931",GUARANTEED,"$2,625,627",$0,NOT G,,,,,,,,,,,,,"$3,636,411"
Miles Kelly,Golden State,,,,"$2,185,116",$0,NOT G,,,,,,,,,,,,,$0
Alex Toohey,Golden State,"$212,331",$0,GUARANTEED,"$2,185,116",$0,NOT G,,,,,,,,,,,,,"$212,331"
Will Richard,Golden State,"$1,272,870","$1,272,870",GUARANTEED,"$2,150,917","$2,150,917",GUARANTEED,"$2,525,901",$0,NOT G,"$2,735,698",$0,TEAM OPT,,,,,,,"$3,423,787"
Malevy Leons,Golden State,"$405,359",$0,TWO-WAY,"$678,882",$0,TWO-WAY,,,,,,,,,,,,,$0
LJ Cryer,Golden State,"$424,662",$0,TWO-WAY,"$678,882",$0,TWO-WAY,,,,,,,,,,,,,$0
Graham Ike,Golden State,"$405,359",$0,TWO-WAY,"$678,882",$0,TWO-WAY,,,,,,,,,,,,,$0
Kevin Durant,Houston,"$54,708,609","$54,708,609",GUARANTEED,"$43,902,439","$43,902,439",GUARANTEED,"$46,097,561","$46,097,561",PLAYER OPT,,,,,,,,,,"$195,887,630"
Alperen Sengun,Houston,"$33,944,954","$33,944,954",GUARANTEED,"$35,642,202","$35,642,202",GUARANTEED,"$37,339,450","$37,339,450",GUARANTEED,"$39,036,697","$39,036,697",GUARANTEED,"$39,036,697","$39,036,697",PLAYER OPT,,,,"$190,424,654"
Fred VanVleet,Houston,"$25,000,000","$25,000,000",GUARANTEED,"$25,000,000","$25,000,000",GUARANTEED,,,,,,,,,,,,,"$92,846,615"
Jabari Smith,Houston,"$12,350,392","$12,350,392",GUARANTEED,"$23,643,411","$23,643,411",GUARANTEED,"$21,751,940","$21,751,940",GUARANTEED,"$23,643,411","$23,643,411",GUARANTEED,"$25,534,883","$25,534,883",GUARANTEED,"$27,426,355","$27,426,355",GUARANTEED,"$144,121,272"
Tari Eason,Houston,"$5,675,766","$5,675,766",GUARANTEED,"$14,053,356","$14,053,356",GUARANTEED,"$15,177,624","$15,177,624",GUARANTEED,"$16,301,892","$16,301,892",GUARANTEED,"$17,426,160","$17,426,160",GUARANTEED,"$18,550,428","$18,550,428",PLAYER OPT,"$90,880,386"
Steven Adams,Houston,"$14,130,434","$14,130,434",GUARANTEED,"$13,000,000","$13,000,000",GUARANTEED,"$11,869,566","$11,869,566",GUARANTEED,,,,,,,,,,"$51,600,000"
Amen Thompson,Houston,"$9,690,600","$9,690,600",GUARANTEED,"$12,258,609","$12,258,609",GUARANTEED,"$35,862,069","$35,862,069",GUARANTEED,"$38,731,034","$38,731,034",GUARANTEED,"$41,600,000","$41,600,000",GUARANTEED,"$44,468,966","$44,468,966",GUARANTEED,"$239,199,169"
Reed Sheppard,Houston,"$10,603,560","$10,603,560",GUARANTEED,"$11,108,880","$11,108,880",GUARANTEED,"$14,041,624",$0,TEAM OPT,,,,,,,,,,"$31,811,400"
Clint Capela,Houston,"$6,700,000","$6,700,000",GUARANTEED,"$7,035,000","$7,035,000",GUARANTEED,"$7,370,000","$7,370,000",GUARANTEED,,,,,,,,,,"$43,370,280"
Marcus Smart,Houston,"$5,134,000","$5,134,000",GUARANTEED,"$6,064,000","$6,064,000",GUARANTEED,"$6,367,200","$6,367,200",PLAYER OPT,,,,,,,,,,"$37,775,485"
Bogdan Bogdanovic,Houston,"$16,020,000","$16,020,000",GUARANTEED,"$3,524,115","$2,449,421",GUARANTEED,,,,,,,,,,,,,"$36,804,115"
Jae'Sean Tate,Houston,"$2,667,947","$2,296,274",GUARANTEED,"$3,066,143","$1,039,669",PARTIAL G,,,,,,,,,,,,,"$11,272,833"
Oscar Tshiebwe,Houston,"$636,435",$0,TWO-WAY,"$2,537,526",$0,NOT G,,,,,,,,,,,,,$0
Julian Phillips,Houston,"$2,221,677","$2,221,677",GUARANTEED,"$2,537,526",$0,NOT G,,,,,,,,,,,,,"$4,113,534"
Isaiah Crawford,Houston,"$636,435",$0,TWO-WAY,"$2,449,421",$0,NOT G,"$2,664,401",$0,NOT G,"$2,888,193",$0,NOT G,"$3,272,766",$0,TEAM OPT,,,,$0
Bruce Thornton,Houston,,,,"$1,357,763","$1,357,763",GUARANTEED,"$2,294,370",$0,NOT G,"$2,694,363",$0,NOT G,"$2,918,152",$0,TEAM OPT,,,,"$1,357,763"
Sean Pedulla,Houston,"$170,508",$0,TWO-WAY,"$678,882",$0,TWO-WAY,"$716,081",$0,TWO-WAY,,,,,,,,,,$0
Quadir Copeland,Houston,"$157,640",$0,TWO-WAY,"$678,882",$0,TWO-WAY,,,,,,,,,,,,,$0
Pascal Siakam,Indiana,"$45,550,512","$45,550,512",GUARANTEED,"$48,924,624","$48,924,624",GUARANTEED,"$52,298,736","$52,298,736",GUARANTEED,,,,,,,,,,"$188,950,272"
Tyrese Haliburton,Indiana,"$45,550,512","$45,550,512",GUARANTEED,"$48,924,624","$48,924,624",GUARANTEED,"$52,298,736","$52,298,736",GUARANTEED,"$55,672,848","$55,672,848",GUARANTEED,,,,,,,"$244,623,120"
Ivica Zubac,Indiana,"$18,893,980","$18,893,980",GUARANTEED,"$20,342,140","$20,342,140",GUARANTEED,"$21,790,300","$21,790,300",GUARANTEED,,,,,,,,,,"$72,769,630"
Andrew Nembhard,Indiana,"$18,102,000","$18,102,000",GUARANTEED,"$19,550,160","$19,550,160",GUARANTEED,"$20,998,320","$20,998,320",GUARANTEED,,,,,,,,,,"$60,670,179"
Obi Toppin,Indiana,"$14,000,000","$14,000,000",GUARANTEED,"$15,000,000","$15,000,000",GUARANTEED,"$16,025,000","$16,025,000",GUARANTEED,,,,,,,,,,"$58,000,000"
TJ McConnell,Indiana,"$10,200,000","$10,200,000",GUARANTEED,"$11,000,000","$11,000,000",GUARANTEED,"$11,800,000","$5,000,000",PARTIAL G,"$11,800,000",$0,TEAM OPT,,,,,,,"$35,700,000"
Aaron Nesmith,Indiana,"$11,000,000","$11,000,000",GUARANTEED,"$11,000,000","$11,000,000",GUARANTEED,"$19,418,000","$19,418,000",GUARANTEED,"$20,971,440","$20,971,440",GUARANTEED,,,,,,,"$73,389,440"
Jarace Walker,Indiana,"$6,665,520","$6,665,520",GUARANTEED,"$8,478,541","$8,478,541",GUARANTEED,,,,,,,,,,,,,"$21,506,581"
Kelly Oubre,Indiana,"$8,382,150","$8,382,150",GUARANTEED,"$8,050,000","$8,050,000",GUARANTEED,"$8,450,000","$8,450,000",GUARANTEED,,,,,,,,,,"$32,865,150"
Ben Sheppard,Indiana,"$2,790,720","$2,790,720",GUARANTEED,"$5,031,668","$5,031,668",GUARANTEED,,,,,,,,,,,,,"$10,486,268"
Larry Nance Jr,Indiana,"$3,634,153","$2,296,274",GUARANTEED,"$3,876,529","$2,449,421",GUARANTEED,,,,,,,,,,,,,"$18,715,682"
James Johnson,Indiana,"$2,667,947","$2,296,274",GUARANTEED,"$3,876,529",$0,NOT G,,,,,,,,,,,,,"$4,905,638"
Jay Huff,Indiana,"$2,349,578","$2,349,578",GUARANTEED,"$2,667,944","$2,667,944",GUARANTEED,"$3,005,085",$0,TEAM OPT,,,,,,,,,,"$7,105,555"
Quenton Jackson,Indiana,"$601,553","$601,553",GUARANTEED,"$2,584,539","$2,584,539",GUARANTEED,"$2,934,742",$0,NOT G,,,,,,,,,,"$3,186,092"
Johnny Furphy,Indiana,"$1,955,377","$1,955,377",GUARANTEED,"$2,296,271","$2,296,271",GUARANTEED,"$2,486,995",$0,TEAM OPT,,,,,,,,,,"$6,102,490"
Keba Keita,Indiana,,,,"$1,357,763",$0,NOT G,,,,,,,,,,,,,$0
Rienk Mast,Indiana,,,,"$1,357,763",$0,NOT G,,,,,,,,,,,,,$0
Kobe Brown,Indiana,"$2,654,880","$2,654,880",GUARANTEED,"$678,882",$0,TWO-WAY,,,,,,,,,,,,,"$5,188,800"
Jalen Slawson,Indiana,"$141,554",$0,TWO-WAY,"$678,882",$0,TWO-WAY,,,,,,,,,,,,,$0
Braden Smith,Indiana,"$1,131,970","$1,131,970",GUARANTEED,"$678,882",$0,TWO-WAY,,,,,,,,,,,,,"$1,131,970"
Darius Garland,LA Clippers,"$39,446,090","$39,446,090",GUARANTEED,"$42,166,510","$42,166,510",GUARANTEED,"$44,886,930","$44,886,930",GUARANTEED,,,,,,,,,,"$163,225,200"
Brandon Ingram,LA Clippers,"$38,095,238","$38,095,238",GUARANTEED,"$40,000,000","$40,000,000",GUARANTEED,"$41,904,762","$41,904,762",PLAYER OPT,,,,,,,,,,"$156,016,200"
Max Strus,LA Clippers,"$15,936,452","$15,936,452",GUARANTEED,"$16,660,836","$16,660,836",GUARANTEED,,,,,,,,,,,,,"$47,809,356"
Rui Hachimura,LA Clippers,"$18,259,259","$18,259,259",GUARANTEED,"$14,000,000","$14,000,000",GUARANTEED,"$14,000,000",$0,TEAM OPT,,,,,,,,,,"$49,259,259"
Derrick Jones,LA Clippers,"$10,000,000","$10,000,000",GUARANTEED,"$10,476,190","$10,476,190",GUARANTEED,,,,,,,,,,,,,"$30,000,000"
Keaton Wagler,LA Clippers,,,,"$9,674,760","$9,674,760",GUARANTEED,"$10,158,240","$10,158,240",GUARANTEED,"$10,641,960",$0,TEAM OPT,"$13,483,363",$0,TEAM OPT,,,,"$20,814,902"
Brook Lopez,LA Clippers,"$8,750,000","$8,750,000",GUARANTEED,"$9,187,500","$9,187,500",GUARANTEED,,,,,,,,,,,,,"$40,937,500"
Gradey Dick,LA Clippers,"$4,990,560","$4,990,560",GUARANTEED,"$7,131,510","$7,131,510",GUARANTEED,,,,,,,,,,,,,"$16,885,830"
Isaiah Jackson,LA Clippers,"$7,600,000","$7,600,000",GUARANTEED,"$7,000,000","$7,000,000",GUARANTEED,"$6,400,000","$6,400,000",GUARANTEED,,,,,,,,,,"$25,435,381"
Bradley Beal,LA Clippers,"$5,354,000","$5,354,000",GUARANTEED,"$6,424,800","$6,424,800",GUARANTEED,"$6,746,040","$3,373,020",PLAYER OPT,,,,,,,,,,"$65,355,750"
Kris Dunn,LA Clippers,"$5,426,400","$5,426,400",GUARANTEED,"$5,684,800","$5,684,800",GUARANTEED,,,,,,,,,,,,,"$16,279,200"
Jordan Miller,LA Clippers,"$712,637","$712,637",GUARANTEED,"$5,300,000","$5,300,000",GUARANTEED,"$5,000,000",$0,NOT G,"$5,000,000",$0,TEAM OPT,,,,,,,"$7,062,637"
Yanic Konan Niederhauser,LA Clippers,"$2,743,800","$2,743,800",GUARANTEED,"$2,880,960","$2,880,960",GUARANTEED,"$3,018,480",$0,TEAM OPT,"$5,448,356",$0,TEAM OPT,,,,,,,"$5,624,760"
Blake Wesley,LA Clippers,"$2,378,870","$2,296,274",GUARANTEED,"$2,625,627",$0,NOT G,,,,,,,,,,,,,"$5,003,150"
Kobe Sanders,LA Clippers,"$475,497","$475,497",GUARANTEED,"$2,622,139","$2,622,139",GUARANTEED,"$2,753,246","$2,753,246",GUARANTEED,"$2,884,353",$0,NOT G,"$3,019,000",$0,TEAM OPT,,,,"$5,850,882"
Yuki Kawamura,LA Clippers,"$312,062",$0,TWO-WAY,"$2,449,421",$0,NOT G,,,,,,,,,,,,,$0
Cam Christie,LA Clippers,"$1,955,377","$1,955,377",GUARANTEED,"$2,296,271",$0,NOT G,"$2,486,995",$0,TEAM OPT,,,,,,,,,,"$3,112,530"
Baba Miller,LA Clippers,,,,"$1,705,630","$1,705,630",GUARANTEED,"$2,294,370","$2,294,370",GUARANTEED,"$2,694,363",$0,NOT G,"$2,918,152",$0,TEAM OPT,,,,"$4,000,000"
Fletcher Loyer,LA Clippers,,,,"$1,357,763",$0,NOT G,,,,,,,,,,,,,$0
Jalen Pickett,LA Clippers,"$2,221,677","$2,221,677",GUARANTEED,"$678,882",$0,TWO-WAY,,,,,,,,,,,,,"$4,113,534"
Nick Martinelli,LA Clippers,,,,"$678,882",$0,TWO-WAY,"$716,081",$0,TWO-WAY,,,,,,,,,,$0
Luka Doncic,LA Lakers,"$45,999,660","$45,999,660",GUARANTEED,"$51,033,600","$51,033,600",GUARANTEED,"$55,116,288","$55,116,288",GUARANTEED,"$59,198,976","$59,198,976",PLAYER OPT,,,,,,,"$254,380,464"
Austin Reaves,LA Lakers,"$13,937,574","$13,937,574",GUARANTEED,"$41,240,250","$41,240,250",GUARANTEED,"$42,954,030","$42,954,030",GUARANTEED,"$46,253,250","$46,253,250",GUARANTEED,"$49,552,470","$49,552,470",PLAYER OPT,,,,"$206,913,936"
Walker Kessler,LA Lakers,"$4,878,938","$4,878,938",GUARANTEED,"$30,108,821","$30,108,821",GUARANTEED,"$31,614,262","$31,614,262",GUARANTEED,"$33,119,703","$33,119,703",GUARANTEED,"$34,625,144","$34,625,144",PLAYER OPT,,,,"$137,312,788"
Quentin Grimes,LA Lakers,"$8,741,210","$8,741,210",GUARANTEED,"$13,953,489","$13,953,489",GUARANTEED,"$14,651,163","$14,651,163",GUARANTEED,"$15,348,837","$15,348,837",GUARANTEED,"$16,046,511","$16,046,511",PLAYER OPT,,,,"$73,037,892"
Sandro Mamukelashvili,LA Lakers,"$2,461,463","$2,461,463",GUARANTEED,"$13,000,000","$13,000,000",GUARANTEED,"$12,350,000","$12,350,000",GUARANTEED,"$13,000,000","$13,000,000",GUARANTEED,"$13,650,000","$13,650,000",PLAYER OPT,,,,"$56,624,069"
Jarred Vanderbilt,LA Lakers,"$11,571,429","$11,571,429",GUARANTEED,"$12,428,571","$12,428,571",GUARANTEED,"$13,285,714","$13,285,714",PLAYER OPT,,,,,,,,,,"$48,000,000"
Collin Sexton,LA Lakers,"$19,175,000","$19,175,000",GUARANTEED,"$9,366,000","$9,366,000",GUARANTEED,"$9,834,000","$9,834,000",PLAYER OPT,,,,,,,,,,"$56,525,000"
Jake LaRavia,LA Lakers,"$6,000,000","$6,000,000",GUARANTEED,"$6,000,000","$6,000,000",GUARANTEED,,,,,,,,,,,,,"$15,352,680"
Jaden Hardy,LA Lakers,"$6,000,000","$6,000,000",GUARANTEED,"$6,000,000","$6,000,000",GUARANTEED,"$6,000,000",$0,TEAM OPT,,,,,,,,,,"$14,019,699"
Dalton Knecht,LA Lakers,"$4,010,160","$4,010,160",GUARANTEED,"$4,201,080","$4,201,080",GUARANTEED,"$6,452,859",$0,TEAM OPT,,,,,,,,,,"$12,030,360"
Kevon Looney,LA Lakers,"$8,000,000","$8,000,000",GUARANTEED,"$3,876,529","$2,449,421",GUARANTEED,,,,,,,,,,,,,"$19,876,529"
Cameron Carr,LA Lakers,,,,"$3,315,360","$3,315,360",GUARANTEED,"$3,481,080","$3,481,080",GUARANTEED,"$3,646,800",$0,TEAM OPT,"$6,378,253",$0,TEAM OPT,,,,"$7,778,342"
Matisse Thybulle,LA Lakers,"$11,550,000","$11,550,000",GUARANTEED,"$3,286,399","$2,449,421",GUARANTEED,,,,,,,,,,,,,"$25,861,399"
Ziaire Williams,LA Lakers,"$6,250,000","$6,250,000",GUARANTEED,"$2,845,883","$2,449,421",GUARANTEED,,,,,,,,,,,,,"$15,228,888"
Cole Swider,LA Lakers,,,,"$2,537,526",$0,NOT G,,,,,,,,,,,,,$0
Bronny James,LA Lakers,"$1,955,377","$1,955,377",GUARANTEED,"$2,296,271","$2,296,271",GUARANTEED,"$2,486,995",$0,TEAM OPT,,,,,,,,,,"$5,408,801"
Adou Thiero,LA Lakers,"$1,272,870","$1,272,870",GUARANTEED,"$2,150,917","$2,150,917",GUARANTEED,"$2,525,901",$0,TEAM OPT,,,,,,,,,,"$3,423,787"
William Kyle,LA Lakers,,,,"$1,357,763",$0,NOT G,,,,,,,,,,,,,$0
Chris Manon,LA Lakers,"$636,435",$0,TWO-WAY,"$678,882",$0,TWO-WAY,,,,,,,,,,,,,$0
Arthur Kaluma,LA Lakers,"$141,554",$0,TWO-WAY,"$678,882",$0,TWO-WAY,,,,,,,,,,,,,"$596,581"
AK Okereke,LA Lakers,"$636,435",$0,TWO-WAY,"$678,882",$0,TWO-WAY,,,,,,,,,,,,,$0
Jerami Grant,Memphis,"$32,000,001","$32,000,001",GUARANTEED,"$34,206,898","$34,206,898",GUARANTEED,"$36,413,790","$36,413,790",PLAYER OPT,,,,,,,,,,"$132,413,793"
Isaiah Stewart,Memphis,"$15,000,000","$15,000,000",GUARANTEED,"$15,000,000","$15,000,000",GUARANTEED,"$15,000,000",$0,TEAM OPT,,,,,,,,,,"$45,000,000"
Cameron Boozer,Memphis,,,,"$11,849,760","$11,849,760",GUARANTEED,"$12,441,840","$12,441,840",GUARANTEED,"$13,034,880",$0,TEAM OPT,"$16,476,088",$0,TEAM OPT,,,,"$25,273,502"
Quinten Post,Memphis,"$1,955,377","$1,955,377",GUARANTEED,"$9,500,000","$9,500,000",GUARANTEED,"$8,550,000",$0,NOT G,"$8,550,000",0,TEAM OPT,,,,,,,"$11,894,297"
Ty Jerome,Memphis,"$8,781,000","$8,781,000",GUARANTEED,"$9,220,050","$9,220,050",GUARANTEED,"$9,659,100","$9,659,100",PLAYER OPT,,,,,,,,,,"$30,221,125"
Taylor Hendricks,Memphis,"$6,127,080","$6,127,080",GUARANTEED,"$7,805,900","$7,805,900",GUARANTEED,,,,,,,,,,,,,"$19,781,660"
Zach Edey,Memphis,"$6,045,000","$6,045,000",GUARANTEED,"$6,332,760","$6,332,760",GUARANTEED,"$8,067,936",$0,TEAM OPT,,,,,,,,,,"$18,134,640"
Cedric Coward,Memphis,"$5,715,120","$5,715,120",GUARANTEED,"$6,001,080","$6,001,080",GUARANTEED,"$6,286,920",$0,TEAM OPT,"$8,342,743",$0,TEAM OPT,,,,,,,"$11,716,200"
Kris Murray,Memphis,"$3,132,000","$3,132,000",GUARANTEED,"$5,315,004","$5,315,004",GUARANTEED,,,,,,,,,,,,,"$11,437,044"
Walter Clayton,Memphis,"$3,991,320","$3,991,320",GUARANTEED,"$4,190,520","$4,190,520",GUARANTEED,"$4,390,320",$0,TEAM OPT,"$6,752,312",$0,TEAM OPT,,,,,,,"$8,181,840"
Karim Lopez,Memphis,,,,"$3,746,760","$3,746,760",GUARANTEED,"$3,934,320","$3,934,320",GUARANTEED,"$4,121,760",$0,TEAM OPT,"$6,565,964",$0,TEAM OPT,,,,"$8,662,982"
Olivier-Maxence Prosper,Memphis,"$527,879","$527,879",GUARANTEED,"$2,497,812","$2,497,812",GUARANTEED,,,,,,,,,,,,,"$5,896,091"
Scotty Pippen Jr,Memphis,"$2,270,735","$2,270,735",GUARANTEED,"$2,461,462","$2,461,462",GUARANTEED,"$2,789,215",$0,TEAM OPT,,,,,,,,,,"$6,819,716"
Cam Spencer,Memphis,"$2,537,989","$2,537,989",GUARANTEED,"$2,411,090","$2,411,090",GUARANTEED,"$2,616,754","$2,616,754",GUARANTEED,"$2,830,685",$0,TEAM OPT,,,,,,,"$7,565,833"
GG Jackson,Memphis,"$2,221,677","$2,221,677",GUARANTEED,"$2,406,205","$2,406,205",GUARANTEED,,,,,$0,,,,,,,,"$6,519,739"
Jaylen Wells,Memphis,"$1,955,377","$1,955,377",GUARANTEED,"$2,296,271","$300,000",PARTIAL G,"$2,486,995",$0,TEAM OPT,,,,,,,,,,"$3,412,530"
Micah Peavy,Memphis,"$1,272,870","$1,272,870",GUARANTEED,"$2,150,917","$2,150,917",GUARANTEED,"$2,525,901",$0,NOT G,"$2,735,698",$0,TEAM OPT,,,,,,,"$3,423,787"
Javon Small,Memphis,"$636,435",$0,TWO-WAY,"$678,882",$0,TWO-WAY,,,,,,,,,,,,,$0
Jahmai Mashack,Memphis,"$476,136",$0,TWO-WAY,"$678,882",$0,TWO-WAY,,,,,,,,,,,,,$0
Carson Cooper,Memphis,,,,"$678,882",$0,TWO-WAY,"$716,081",$0,TWO-WAY,,,,,,,,,,$0
Giannis Antetokounmpo,Miami,"$54,126,450","$54,126,450",GUARANTEED,"$58,456,566","$58,456,566",GUARANTEED,"$62,786,682","$62,786,682",PLAYER OPT,,,,,,,,,,"$224,157,374"
Bam Adebayo,Miami,"$37,096,620","$37,096,620",GUARANTEED,"$49,488,300","$49,488,300",GUARANTEED,"$53,447,364","$53,447,364",GUARANTEED,"$57,406,428","$57,406,428",PLAYER OPT,,,,,,,"$232,287,052"
Andrew Wiggins,Miami,"$28,223,215","$28,223,215",GUARANTEED,"$30,169,644","$30,169,644",GUARANTEED,"$16,510,000","$16,510,000",GUARANTEED,"$17,320,356","$17,320,356",PLAYER OPT,,,,,,,"$118,500,001"
Nikola Jovic,Miami,"$4,445,417","$4,445,417",GUARANTEED,"$16,200,000","$16,200,000",GUARANTEED,"$14,904,000","$14,904,000",GUARANTEED,"$15,906,000","$15,906,000",GUARANTEED,"$16,200,000","$16,200,000",GUARANTEED,,,,"$70,119,617"
Bobby Portis,Miami,"$13,445,754","$13,445,754",GUARANTEED,"$14,521,414","$14,521,414",GUARANTEED,"$15,597,074","$15,597,074",PLAYER OPT,,,,,,,,,,"$56,142,528"
Davion Mitchell,Miami,"$11,600,000","$11,600,000",GUARANTEED,"$12,400,000","$12,400,000",GUARANTEED,,,,,,,,,,,,,"$30,451,077"
Tim Hardaway Jr,Miami,"$3,634,153","$2,296,274",GUARANTEED,"$6,065,000","$6,065,000",GUARANTEED,,,,,,,,,,,,,"$25,892,336"
Klay Thompson,Miami,"$16,666,667","$16,666,667",GUARANTEED,"$5,600,000","$5,600,000",GUARANTEED,"$5,880,000","$5,880,000",PLAYER OPT,,,,,,,,,,"$44,019,683"
Dennis Smith,Miami,"$321,714",$0,TWO-WAY,"$3,286,399",$0,NOT G,,,,,,,,,,,,,$0
Nick Richards,Miami,"$5,000,000","$5,000,000",GUARANTEED,"$3,066,143",$0,NOT G,,,,,,,,,,,,,"$10,000,000"
Simone Fontecchio,Miami,"$8,307,692","$8,307,692",GUARANTEED,"$2,625,627","$2,450,000",GUARANTEED,,,,,,,,,,,,,"$18,625,627"
Dru Smith,Miami,"$2,378,870","$2,378,870",GUARANTEED,"$2,584,539","$2,584,539",GUARANTEED,"$2,934,742",$0,NOT G,,,,,,,,,,"$4,963,409"
Lester Quinones,Miami,,,,"$2,537,526",$0,NOT G,,,,,,,,,,,,,$0
Pelle Larsson,Miami,"$1,955,377","$1,955,377",GUARANTEED,"$2,296,271","$2,296,271",GUARANTEED,"$13,500,000","$13,500,000",GUARANTEED,"$14,580,000","$14,580,000",GUARANTEED,"$15,660,000","$15,660,000",GUARANTEED,"$16,260,000",$0,TEAM OPT,"$49,148,801"
Bez Mbeng,Miami,"$73,153","$73,153",GUARANTEED,"$2,185,116",$0,NOT G,,,,,,,,,,,,,"$73,153"
Myron Gardner,Miami,"$395,029","$395,029",GUARANTEED,"$2,150,917","$500,000",PARTIAL G,"$2,525,901",$0,NOT G,,,,,,,,,,"$895,029"
Ryan Conwell,Miami,,,,"$1,357,763","$1,357,763",GUARANTEED,"$2,294,370","$1,147,185",PARTIAL G,"$2,694,363",$0,NOT G,,,,,,,"$2,504,948"
Ian Schieffelin,Miami,,,,"$1,357,763",$0,NOT G,,,,,,,,,,,,,$0
J'Vonne Hadley,Miami,,,,"$1,357,763",$0,NOT G,,,,,,,,,,,,,$0
Keshad Johnson,Miami,"$1,955,377","$1,955,377",GUARANTEED,"$678,882",$0,TWO-WAY,,,,,,,,,,,,,"$2,680,260"
Vladislav Goldin,Miami,"$636,435",$0,TWO-WAY,"$678,882",$0,TWO-WAY,,,,,,,,,,,,,$0
Tre Donaldson,Miami,"$1,131,970","$1,131,970",GUARANTEED,"$678,882",$0,TWO-WAY,,,,,,,,,,,,,"$1,131,970"
Tyler Herro,Milwaukee,"$31,000,000","$31,000,000",GUARANTEED,"$33,000,000","$33,000,000",GUARANTEED,,,,,,,,,,,,,"$93,000,000"
Myles Turner,Milwaukee,"$25,318,251","$25,318,251",GUARANTEED,"$26,584,164","$26,584,164",GUARANTEED,"$27,850,077","$27,850,077",GUARANTEED,"$29,115,990","$29,115,990",PLAYER OPT,,,,,,,"$128,796,982"
Kyle Kuzma,Milwaukee,"$22,560,605","$22,560,605",GUARANTEED,"$20,490,152","$20,490,152",GUARANTEED,,,,,,,,,,,,,"$67,506,817"
Gary Trent Jr,Milwaukee,"$3,697,105","$3,697,105",GUARANTEED,"$15,200,000","$15,200,000",GUARANTEED,"$16,400,000","$16,400,000",GUARANTEED,"$16,400,000","$16,400,000",GUARANTEED,"$16,000,000","$16,000,000",GUARANTEED,,,,"$70,310,225"
Caris LeVert,Milwaukee,"$14,104,000","$14,104,000",GUARANTEED,"$14,809,200","$14,809,200",GUARANTEED,,,,,,,,,,,,,"$45,528,584"
AJ Green,Milwaukee,"$2,301,587","$2,301,587",GUARANTEED,"$10,044,644","$10,044,644",GUARANTEED,"$10,848,215","$10,848,215",GUARANTEED,"$11,651,786","$11,651,786",GUARANTEED,"$12,455,355","$12,455,355",GUARANTEED,,,,"$49,422,280"
Brayden Burries,Milwaukee,,,,"$6,417,360","$6,417,360",GUARANTEED,"$6,738,000","$6,738,000",GUARANTEED,"$7,058,520",$0,TEAM OPT,"$8,999,613",$0,TEAM OPT,,,,"$14,137,262"
Jaime Jaquez,Milwaukee,"$3,861,600","$3,861,600",GUARANTEED,"$5,939,141","$5,939,141",GUARANTEED,,,,,,,,,,,,,"$13,486,541"
Ousmane Dieng,Milwaukee,"$6,670,882","$6,670,882",GUARANTEED,"$5,750,000","$5,750,000",GUARANTEED,"$5,750,000","$5,750,000",GUARANTEED,"$5,750,000",$0,TEAM OPT,,,,,,,"$23,197,922"
Nate Ament,Milwaukee,,,,"$5,502,000","$5,502,000",GUARANTEED,"$5,777,280","$5,777,280",GUARANTEED,"$6,052,200",$0,TEAM OPT,"$8,648,594",$0,TEAM OPT,,,,"$12,261,182"
Kevin Porter,Milwaukee,"$5,134,000","$5,134,000",GUARANTEED,"$5,390,700","$5,390,700",GUARANTEED,,,,,,,,,,,,,"$12,762,391"
Kel'el Ware,Milwaukee,"$4,443,360","$4,443,360",GUARANTEED,"$4,654,920","$4,654,920",GUARANTEED,"$7,135,992",$0,TEAM OPT,,,,,,,,,,"$13,330,080"
Ryan Rollins,Milwaukee,"$4,000,000","$4,000,000",GUARANTEED,"$4,000,000","$4,000,000",GUARANTEED,"$4,000,000","$4,000,000",PLAYER OPT,,,,,,,,,,"$12,491,887"
Kasparas Jakucionis,Milwaukee,"$3,658,800","$3,658,800",GUARANTEED,"$3,841,680","$3,841,680",GUARANTEED,"$4,024,440",$0,TEAM OPT,"$6,205,686",$0,TEAM OPT,,,,,,,"$7,500,480"
Jericho Sims,Milwaukee,"$2,461,463","$2,461,463",GUARANTEED,"$2,801,346","$2,801,346",GUARANTEED,,,,,,,,,,,,,"$7,355,153"
Pete Nance,Milwaukee,"$600,000","$600,000",GUARANTEED,"$2,537,526",$0,NOT G,"$2,756,912",$0,TEAM OPT,,,,,,,,,,"$600,000"
John Butler,Milwaukee,"$312,062",$0,TWO-WAY,"$2,449,421",$0,NOT G,,,,,,,,,,,,,$0
Bogoljub Markovic,Milwaukee,,,,"$1,357,763","$1,357,763",GUARANTEED,"$2,294,371","$1,147,185",PARTIAL G,"$2,694,363",$0,NOT G,"$2,918,152",$0,TEAM OPT,,,,"$2,504,948"
Jake Stephens,Milwaukee,,,,"$1,357,763",$0,NOT G,,,,,,,,,,,,,$0
Kam Jones,Milwaukee,"$1,272,870","$1,272,870",GUARANTEED,"$678,882",$0,TWO-WAY,,,,,,,,,,,,,"$1,272,870"
Cormac Ryan,Milwaukee,"$147,988",$0,TWO-WAY,"$678,882",$0,TWO-WAY,,,,,,,,,,,,,$0
Anthony Edwards,Minnesota,"$45,550,512","$45,550,512",GUARANTEED,"$48,924,624","$48,924,624",GUARANTEED,"$52,298,736","$52,298,736",GUARANTEED,"$55,672,848","$55,672,848",GUARANTEED,,,,,,,"$244,623,120"
LaMelo Ball,Minnesota,"$37,958,760","$37,958,760",GUARANTEED,"$40,770,520","$40,770,520",GUARANTEED,"$43,582,280","$43,582,280",GUARANTEED,"$46,394,040","$46,394,040",GUARANTEED,,,,,,,"$203,852,600"
Rudy Gobert,Minnesota,"$35,000,000","$35,000,000",GUARANTEED,"$36,500,000","$36,500,000",GUARANTEED,"$38,000,000","$38,000,000",PLAYER OPT,,,,,,,,,,"$153,327,586"
Jaden McDaniels,Minnesota,"$24,393,104","$24,393,104",GUARANTEED,"$26,200,001","$26,200,001",GUARANTEED,"$28,006,898","$28,006,898",GUARANTEED,"$29,813,790","$29,813,790",GUARANTEED,,,,,,,"$131,431,035"
Ayo Dosunmu,Minnesota,"$7,518,518","$7,518,518",GUARANTEED,"$19,310,345","$19,310,345",GUARANTEED,"$20,855,173","$20,855,173",GUARANTEED,"$22,400,001","$22,400,001",GUARANTEED,"$23,944,829","$23,944,829",GUARANTEED,"$25,489,652","$25,489,652",PLAYER OPT,"$126,518,518"
Donte DiVincenzo,Minnesota,"$11,990,000","$11,990,000",GUARANTEED,"$12,535,000","$12,535,000",GUARANTEED,,,,,,,,,,,,,"$35,970,000"
Jonathan Kuminga,Minnesota,"$23,799,569","$23,799,569",GUARANTEED,"$6,064,000","$6,064,000",GUARANTEED,"$6,367,200","$6,367,200",PLAYER OPT,,,,,,,,,,"$43,867,076"
Cody Williams,Minnesota,"$5,742,480","$5,742,480",GUARANTEED,"$6,015,600","$6,015,600",GUARANTEED,"$7,669,890",$0,TEAM OPT,,,,,,,,,,"$17,227,200"
Joan Beringer,Minnesota,"$4,201,080","$4,201,080",GUARANTEED,"$4,411,200","$4,411,200",GUARANTEED,"$4,621,200",$0,TEAM OPT,"$7,098,163",$0,TEAM OPT,,,,,,,"$8,612,280"
Trey Lyles,Minnesota,"$3,571,495","$2,256,683",GUARANTEED,"$3,876,529","$1,500,000",PARTIAL G,,,,,,,,,,,,,"$8,375,266"
Jaylen Clark,Minnesota,"$2,191,897","$2,191,897",GUARANTEED,"$3,086,420","$3,086,420",GUARANTEED,"$3,333,334","$3,333,334",GUARANTEED,"$3,580,246","$3,580,246",GUARANTEED,,,,,,,"$12,684,220"
Bones Hyland,Minnesota,"$2,461,463","$2,296,274",GUARANTEED,"$2,846,555","$2,449,421",GUARANTEED,,,,,,,,,,,,,"$5,308,018"
KJ Martin,Minnesota,"$321,714",$0,TWO-WAY,"$2,845,883",$0,NOT G,,,,,,,,,,,,,$0
Terrence Shannon,Minnesota,"$2,674,080","$2,674,080",GUARANTEED,"$2,801,640","$2,801,640",GUARANTEED,"$5,054,159",$0,TEAM OPT,,,,,,,,,,"$8,022,360"
Drew Timme,Minnesota,"$447,182",$0,TWO-WAY,"$2,449,421",$0,NOT G,,,,,,,,,,,,,"$113,055"
Norchad Omier,Minnesota,"$167,291",$0,TWO-WAY,"$2,449,421",$0,NOT G,,,,,,,,,,,,,$0
Antonio Reeves,Minnesota,"$636,435",$0,TWO-WAY,"$2,449,421",$0,NOT G,,,,,,,,,,,,,"$1,157,153"
Isaiah Evans,Minnesota,,,,"$1,357,763","$1,357,763",GUARANTEED,"$2,294,370","$2,294,370",GUARANTEED,"$2,694,363","$2,694,363",GUARANTEED,"$2,918,152",$0,TEAM OPT,,,,"$6,346,496"
Zyon Pullin,Minnesota,"$138,337",$0,TWO-WAY,"$678,882",$0,TWO-WAY,,,,,,,,,,,,,$0
Rocco Zikarsky,Minnesota,"$636,435",$0,TWO-WAY,"$678,882",$0,TWO-WAY,,,,,,,,,,,,,$0
Enrique Freeman,Minnesota,"$636,435",$0,TWO-WAY,"$678,882",$0,TWO-WAY,,,,,,,,,,,,,$0
Zion Williamson,New Orleans,"$39,446,090","$39,446,090",GUARANTEED,"$42,166,510","$42,166,510",GUARANTEED,"$44,886,930",$0,NOT G,,,,,,,,,,"$118,338,270"
Jordan Poole,New Orleans,"$31,848,215","$31,848,215",GUARANTEED,"$34,044,642","$34,044,642",GUARANTEED,,,,,,,,,,,,,"$95,544,643"
Dejounte Murray,New Orleans,"$30,801,103","$30,801,103",GUARANTEED,"$32,785,071","$32,785,071",GUARANTEED,"$30,751,504","$30,751,504",PLAYER OPT,,,,,,,,,,"$123,154,813"
Trey Murphy,New Orleans,"$25,000,000","$25,000,000",GUARANTEED,"$27,000,000","$27,000,000",GUARANTEED,"$29,000,000","$29,000,000",GUARANTEED,"$31,000,000","$31,000,000",GUARANTEED,,,,,,,"$117,159,854"
Herb Jones,New Orleans,"$13,937,574","$13,937,574",GUARANTEED,"$14,898,786","$14,898,786",GUARANTEED,"$20,858,300","$20,858,300",GUARANTEED,"$22,526,964","$22,526,964",GUARANTEED,"$24,195,628","$24,195,628",PLAYER OPT,,,,"$109,393,614"
Jeremiah Fears,New Orleans,"$7,520,040","$7,520,040",GUARANTEED,"$7,896,240","$7,896,240",GUARANTEED,"$8,271,960",$0,TEAM OPT,"$10,505,389",$0,TEAM OPT,,,,,,,"$15,416,280"
Bennedict Mathurin,New Orleans,"$9,187,573","$9,187,573",GUARANTEED,"$7,500,000","$7,500,000",GUARANTEED,"$7,875,000","$7,875,000",PLAYER OPT,,,,,,,,,,"$31,808,293"
Saddiq Bey,New Orleans,"$6,229,755","$6,229,755",GUARANTEED,"$6,557,080","$6,557,080",GUARANTEED,"$20,108,695","$20,108,695",GUARANTEED,"$18,500,000","$18,500,000",GUARANTEED,"$16,891,305","$16,891,305",GUARANTEED,,,,"$74,727,513"
Derik Queen,New Orleans,"$5,157,960","$5,157,960",GUARANTEED,"$5,416,080","$5,416,080",GUARANTEED,"$5,673,840",$0,TEAM OPT,"$8,107,917",$0,TEAM OPT,,,,,,,"$10,574,040"
DeAndre Jordan,New Orleans,"$3,571,495","$2,256,683",GUARANTEED,"$3,876,529","$3,876,529",GUARANTEED,"$4,070,355","$4,070,355",GUARANTEED,,,,,,,,,,"$14,822,150"
Yves Missi,New Orleans,"$3,353,040","$3,353,040",GUARANTEED,"$3,512,760","$3,512,760",GUARANTEED,"$5,595,827",$0,TEAM OPT,,,,,,,,,,"$10,059,000"
AJ Johnson,New Orleans,"$3,090,480","$3,090,480",GUARANTEED,"$3,237,120","$3,237,120",GUARANTEED,"$5,493,393",$0,TEAM OPT,,,,,,,,,,"$9,122,894"
Trendon Watford,New Orleans,"$2,461,463","$2,461,463",GUARANTEED,"$2,845,883","$250,000",PARTIAL G,,,,,,,,,,,,,"$5,438,066"
Christian Koloko,New Orleans,"$279,891",$0,TWO-WAY,"$2,625,627",$0,NOT G,,,,,,,,,,,,,$0
Caleb Houstan,New Orleans,,,,"$2,625,627",$0,NOT G,,,,,,,,,,,,,"$2,019,699"
Bryce McGowens,New Orleans,"$724,598","$724,598",GUARANTEED,"$2,584,539","$2,584,539",GUARANTEED,"$2,934,742",$0,TEAM OPT,,,,,,,,,,"$3,309,137"
Kobe Bufkin,New Orleans,,,,"$2,537,526",$0,NOT G,,,,,,,,,,,,,"$4,299,000"
Karlo Matkovic,New Orleans,"$1,955,377","$1,955,377",GUARANTEED,"$2,296,271","$2,296,271",GUARANTEED,,,,,,,,,,,,,"$5,658,801"
Julian Reese,New Orleans,"$141,554",$0,TWO-WAY,"$678,882",$0,TWO-WAY,,,,,,,,,,,,,"$596,581"
Malik Dia,New Orleans,"$636,435",$0,TWO-WAY,"$678,882",$0,TWO-WAY,,,,,,,,,,,,,$0
Jaron Pierre,New Orleans,"$636,435",$0,TWO-WAY,"$678,882",$0,TWO-WAY,,,,,,,,,,,,,$0
Karl-Anthony Towns,New York,"$53,142,264","$53,142,264",GUARANTEED,"$57,078,728","$57,078,728",GUARANTEED,"$61,015,192","$61,015,192",PLAYER OPT,,,,,,,,,,"$220,441,984"
OG Anunoby,New York,"$39,568,966","$39,568,966",GUARANTEED,"$42,500,000","$42,500,000",GUARANTEED,"$45,431,034","$45,431,034",GUARANTEED,"$48,362,068","$48,362,068",PLAYER OPT,,,,,,,"$212,500,000"
Jalen Brunson,New York,"$34,944,001","$34,944,001",GUARANTEED,"$37,739,521","$37,739,521",GUARANTEED,"$40,535,041","$40,535,041",GUARANTEED,"$43,330,561","$43,330,561",PLAYER OPT,,,,,,,"$181,509,125"
Mikal Bridges,New York,"$24,900,000","$24,900,000",GUARANTEED,"$33,482,145","$33,482,145",GUARANTEED,"$36,160,714","$36,160,714",GUARANTEED,"$38,839,285","$38,839,285",GUARANTEED,"$41,517,856","$41,517,856",PLAYER OPT,,,,"$198,200,000"
Josh Hart,New York,"$19,472,240","$19,472,240",GUARANTEED,"$20,923,760","$20,923,760",GUARANTEED,"$22,375,280",$0,TEAM OPT,,,,,,,,,,"$58,540,000"
Landry Shamet,New York,"$3,080,921","$2,296,274",GUARANTEED,"$5,490,967","$5,490,967",GUARANTEED,"$5,737,500","$5,737,500",GUARANTEED,"$6,162,500","$1,581,241",PARTIAL G,"$6,587,500","$1,690,292",PLAYER OPT,,,,"$19,262,929"
Jose Alvarado,New York,"$4,500,000","$4,500,000",GUARANTEED,"$4,439,656","$4,439,656",GUARANTEED,"$4,794,828","$4,794,828",GUARANTEED,"$5,150,000","$2,765,516",PARTIAL G,,,,,,,"$18,488,598"
Miles McBride,New York,"$4,333,333","$4,333,333",GUARANTEED,"$3,956,523","$3,956,523",GUARANTEED,,,,,,,,,,,,,"$13,000,000"
Andre Drummond,New York,"$5,000,000","$5,000,000",GUARANTEED,"$3,876,529","$2,449,421",GUARANTEED,,,,,,,,,,,,,"$13,876,529"
Jordan Clarkson,New York,"$3,634,153","$2,296,274",GUARANTEED,"$3,876,529","$2,449,421",GUARANTEED,,,,,,,,,,,,,"$21,603,259"
Bruce Brown,New York,"$3,080,921","$2,296,274",GUARANTEED,"$3,506,659",$0,NOT G,,,,,,,,,,,,,"$26,080,921"
Drew Eubanks,New York,"$3,080,921","$2,296,274",GUARANTEED,"$3,506,659",$0,NOT G,,,,,,,,,,,,,"$8,080,921"
Tony Bradley,New York,"$123,945","$92,379",GUARANTEED,"$3,506,659",$0,NOT G,,,,,,,,,,,,,"$454,340"
James Wiseman,New York,,,,"$3,066,143",$0,NOT G,,,,,,,,,,,,,$0
Pacome Dadiet,New York,"$2,847,600","$2,847,600",GUARANTEED,"$2,983,680","$2,983,680",GUARANTEED,"$5,373,608",$0,TEAM OPT,,,,,,,,,,"$7,639,360"
Ochai Agbaji,New York,"$6,383,525","$6,383,525",GUARANTEED,"$2,625,627",$0,NOT G,,,,,,,,,,,,,"$10,693,805"
Mohamed Diawara,New York,"$1,272,870","$1,272,870",GUARANTEED,"$2,622,139","$2,622,139",GUARANTEED,"$2,753,246","$2,753,246",GUARANTEED,"$2,884,353",$0,NOT G,"$3,019,474",$0,TEAM OPT,,,,"$6,648,255"
Tyler Kolek,New York,"$2,191,897","$2,191,897",GUARANTEED,"$2,296,271","$2,296,271",GUARANTEED,"$2,486,995",$0,TEAM OPT,,,,,,,,,,"$6,575,687"
Kevin McCullar,New York,"$636,435",$0,TWO-WAY,"$678,882",$0,TWO-WAY,,,,,,,,,,,,,$0
Tyler Nickel,New York,"$636,435",$0,TWO-WAY,"$678,882",$0,TWO-WAY,"$716,081",$0,TWO-WAY,,,,,,,,,,$0
Jaden Akins,New York,"$1,131,970","$1,131,970",GUARANTEED,"$678,882",$0,TWO-WAY,,,,,,,,,,,,,"$1,131,970"
Chet Holmgren,Oklahoma City,"$13,731,368","$13,731,368",GUARANTEED,"$41,240,250","$41,240,250",GUARANTEED,"$44,539,470","$44,539,470",GUARANTEED,"$47,838,690","$47,838,690",GUARANTEED,"$51,137,910","$51,137,910",GUARANTEED,"$54,437,130","$54,437,130",PLAYER OPT,"$263,805,458"
Jalen Williams,Oklahoma City,"$6,580,997","$6,580,997",GUARANTEED,"$41,240,250","$41,240,250",GUARANTEED,"$44,539,470","$44,539,470",GUARANTEED,"$47,838,690","$47,838,690",GUARANTEED,"$51,137,910","$51,137,910",GUARANTEED,"$54,437,130","$54,437,130",PLAYER OPT,"$250,550,207"
Shai Gilgeous-Alexander,Oklahoma City,"$38,333,050","$38,333,050",GUARANTEED,"$40,806,150","$40,806,150",GUARANTEED,"$61,600,000","$61,600,000",GUARANTEED,"$66,528,000","$66,528,000",GUARANTEED,"$71,456,000","$71,456,000",GUARANTEED,"$76,384,000","$76,384,000",PLAYER OPT,"$390,967,150"
Isaiah Hartenstein,Oklahoma City,"$28,500,000","$28,500,000",GUARANTEED,"$23,148,148","$23,148,148",GUARANTEED,"$25,000,000","$25,000,000",GUARANTEED,"$26,851,852",$0,TEAM OPT,,,,,,,"$106,648,148"
Alex Caruso,Oklahoma City,"$18,102,100","$18,102,100",GUARANTEED,"$19,550,160","$19,550,160",GUARANTEED,"$20,998,320","$20,998,320",GUARANTEED,"$22,446,480","$22,446,480",GUARANTEED,,,,,,,"$90,987,060"
Jaylin Williams,Oklahoma City,"$8,450,704","$8,450,704",GUARANTEED,"$7,774,648","$7,774,648",GUARANTEED,"$7,774,648",$0,TEAM OPT,,,,,,,,,,"$18,245,051"
Cason Wallace,Oklahoma City,"$5,820,240","$5,820,240",GUARANTEED,"$7,420,806","$7,420,806",GUARANTEED,,,,,,,,,,,,,"$18,796,926"
Aday Mara,Oklahoma City,,,,"$5,791,680","$5,791,680",GUARANTEED,"$6,081,480","$6,081,480",GUARANTEED,"$6,371,160",$0,TEAM OPT,"$8,779,458",$0,TEAM OPT,,,,"$12,855,062"
Nikola Topic,Oklahoma City,"$5,182,920","$5,182,920",GUARANTEED,"$5,429,760","$5,429,760",GUARANTEED,"$7,482,209",$0,TEAM OPT,,,,,,,,,,"$15,548,640"
Kenrich Williams,Oklahoma City,"$7,163,000","$7,163,000",GUARANTEED,"$5,000,000","$5,000,000",GUARANTEED,,,,,,,,,,,,,"$18,832,000"
Thomas Sorber,Oklahoma City,"$4,655,040","$4,655,040",GUARANTEED,"$4,887,720","$4,887,720",GUARANTEED,"$5,120,400",$0,TEAM OPT,"$7,849,573",$0,TEAM OPT,,,,,,,"$9,542,760"
Bennett Stirtz,Oklahoma City,,,,"$4,717,320","$4,717,320",GUARANTEED,"$4,953,240","$4,953,240",GUARANTEED,"$5,189,400",$0,TEAM OPT,"$7,960,540",$0,TEAM OPT,,,,"$10,652,462"
Jared McCain,Oklahoma City,"$4,221,360","$4,221,360",GUARANTEED,"$4,422,600","$4,422,600",GUARANTEED,"$6,784,268",$0,TEAM OPT,,,,,,,,,,"$12,664,320"
Ajay Mitchell,Oklahoma City,"$3,000,000","$3,000,000",GUARANTEED,"$2,850,000","$2,850,000",GUARANTEED,"$2,850,000",$0,TEAM OPT,,,,,,,,,,"$8,850,000"
Andrew Holifield,Oklahoma City,,,,"$1,357,763",$0,NOT G,,,,,,,,,,,,,$0
Robert McCray,Oklahoma City,,,,"$1,357,763",$0,NOT G,,,,,,,,,,,,,$0
Zhaire Smith,Oklahoma City,,,,"$1,357,763",$0,NOT G,,,,,,,,,,,,,$0
Christoph Tilly,Oklahoma City,,,,"$1,357,763",$0,NOT G,,,,,,,,,,,,,
Brooks Barnhizer,Oklahoma City,"$636,435",$0,TWO-WAY,"$678,882",$0,TWO-WAY,,,,,,,,,,,,,$0
Otega Oweh,Oklahoma City,"$141,554",$0,TWO-WAY,"$678,882",$0,TWO-WAY,,,,,,,,,,,,,"$596,581"
Josh Dix,Oklahoma City,"$141,554",$0,TWO-WAY,"$678,882",$0,TWO-WAY,,,,,,,,,,,,,"$596,581"
Franz Wagner,Orlando,"$38,661,750","$38,661,750",GUARANTEED,"$41,754,690","$41,754,690",GUARANTEED,"$44,847,630","$44,847,630",GUARANTEED,"$47,940,570","$47,940,570",GUARANTEED,"$51,033,510","$51,033,510",GUARANTEED,,,,"$231,245,242"
Paolo Banchero,Orlando,"$15,334,769","$15,334,769",GUARANTEED,"$41,240,250","$41,240,250",GUARANTEED,"$44,539,470","$44,539,470",GUARANTEED,"$47,838,690","$47,838,690",GUARANTEED,"$51,137,910","$51,137,910",GUARANTEED,"$54,437,130","$54,437,130",PLAYER OPT,"$266,689,019"
Desmond Bane,Orlando,"$36,725,670","$36,725,670",GUARANTEED,"$39,446,090","$39,446,090",GUARANTEED,"$42,166,510","$42,166,510",GUARANTEED,"$44,886,930","$44,886,930",GUARANTEED,,,,,,,"$197,230,450"
Jalen Suggs,Orlando,"$35,000,000","$35,000,000",GUARANTEED,"$32,400,000","$32,400,000",GUARANTEED,"$29,600,000","$29,600,000",GUARANTEED,"$26,800,000","$26,800,000",GUARANTEED,"$26,700,000","$26,700,000",GUARANTEED,,,,"$159,688,385"
Wendell Carter Jr,Orlando,"$10,850,000","$10,850,000",GUARANTEED,"$18,102,000","$18,102,000",GUARANTEED,"$19,550,160","$19,550,160",GUARANTEED,"$20,998,320",$0,TEAM OPT,,,,,,,"$60,452,160"
Anthony Black,Orlando,"$7,970,280","$7,970,280",GUARANTEED,"$10,106,315","$10,106,315",GUARANTEED,,,,,,,,,,,,,"$25,684,355"
Goga Bitadze,Orlando,"$8,333,333","$8,333,333",GUARANTEED,"$7,608,696","$7,608,696",GUARANTEED,,,,,,,,,,,,,"$25,000,000"
Tristan Da Silva,Orlando,"$3,809,520","$3,809,520",GUARANTEED,"$3,991,200","$3,991,200",GUARANTEED,"$6,138,466",$0,TEAM OPT,,,,,,,,,,"$11,429,160"
Nikola Vucevic,Orlando,"$21,481,481","$21,481,481",GUARANTEED,"$3,876,529","$2,449,421",GUARANTEED,,,,,,,,,,,,,"$45,358,010"
Jonathan Isaac,Orlando,"$15,000,000","$15,000,000",GUARANTEED,"$3,524,115","$2,449,421",GUARANTEED,,,,,,,,,,,,,"$46,124,115"
Jevon Carter,Orlando,"$1,168,625","$871,000",GUARANTEED,"$3,506,659","$2,449,421",GUARANTEED,,,,,,,,,,,,,"$11,175,284"
Kevin Knox,Orlando,,,,"$3,286,399",$0,NOT G,,,,,,,,,,,,,$0
Jase Richardson,Orlando,"$2,983,320","$2,983,320",GUARANTEED,"$3,132,360","$3,132,360",GUARANTEED,"$3,282,000",$0,TEAM OPT,"$5,910,882",$0,TEAM OPT,,,,,,,"$6,115,680"
JD Davison,Orlando,"$82,030","$82,030",GUARANTEED,"$2,625,627",$0,NOT G,,,,,,,,,,,,,"$94,027"
Malaki Branham,Orlando,,,,"$2,625,627",$0,NOT G,,,,,,,,,,,,,"$3,217,920"
Jamal Cain,Orlando,"$328,120",$0,GUARANTEED,"$2,584,539",$0,NOT G,,,,,,,,,,,,,"$328,120"
Noah Penda,Orlando,"$1,272,870","$1,272,870",GUARANTEED,"$2,150,917","$2,150,917",GUARANTEED,"$2,525,901",$0,NOT G,"$2,735,698",$0,TEAM OPT,,,,,,,"$3,423,787"
Colin Castleton,Orlando,"$636,435",$0,TWO-WAY,"$678,882",$0,TWO-WAY,,,,,,,,,,,,,"$100,000"
Alex Morales,Orlando,"$176,943",$0,TWO-WAY,"$678,882",$0,TWO-WAY,,,,,,,,,,,,,$0
Izaiyah Nelson,Orlando,"$636,435",$0,TWO-WAY,"$678,882",$0,TWO-WAY,"$716,081",$0,TWO-WAY,,,,,,,,,,"$100,000"
Jaylen Brown,Philadelphia,"$53,142,264","$53,142,264",GUARANTEED,"$57,736,350","$57,736,350",GUARANTEED,"$61,672,814","$61,672,814",GUARANTEED,"$65,609,278","$65,609,278",GUARANTEED,,,,,,,"$287,366,506"
Joel Embiid,Philadelphia,"$55,224,526","$55,224,526",GUARANTEED,"$57,736,350","$57,736,350",GUARANTEED,"$62,355,258","$62,355,258",GUARANTEED,"$66,974,166","$66,974,166",PLAYER OPT,,,,,,,"$293,706,238"
Tyrese Maxey,Philadelphia,"$37,958,760","$37,958,760",GUARANTEED,"$40,770,520","$40,770,520",GUARANTEED,"$43,582,280","$43,582,280",GUARANTEED,"$46,394,040","$46,394,040",GUARANTEED,,,,,,,"$203,852,600"
VJ Edgecombe,Philadelphia,"$11,108,880","$11,108,880",GUARANTEED,"$11,663,880","$11,663,880",GUARANTEED,"$12,219,840",$0,TEAM OPT,"$15,445,878",$0,TEAM OPT,,,,,,,"$22,772,760"
Dean Wade,Philadelphia,"$6,623,456","$6,623,456",GUARANTEED,"$9,000,000","$9,000,000",GUARANTEED,"$9,450,000","$9,450,000",GUARANTEED,"$9,900,000","$9,900,000",GUARANTEED,"$10,350,000","$1,650,000",PARTIAL G,,,,"$42,790,123"
Anfernee Simons,Philadelphia,"$27,678,571","$27,678,571",GUARANTEED,"$6,000,000","$6,000,000",GUARANTEED,"$6,300,000","$6,300,000",PLAYER OPT,,,,,,,,,,"$65,871,428"
LeBron James,Philadelphia,"$52,627,153","$52,627,153",GUARANTEED,"$3,876,529","$3,876,529",GUARANTEED,"$4,070,355","$4,070,355",PLAYER OPT,,,,,,,,,,"$109,302,882"
Kentavious Caldwell-Pope,Philadelphia,"$21,621,500","$21,621,500",GUARANTEED,"$3,876,529","$2,449,421",GUARANTEED,,,,,,,,,,,,,"$48,255,029"
Labaron Philon,Philadelphia,,,,"$3,597,120","$3,597,120",GUARANTEED,"$3,776,760","$3,776,760",GUARANTEED,"$3,956,760",$0,TEAM OPT,"$6,508,870",$0,TEAM OPT,,,,"$8,355,782"
Dominick Barlow,Philadelphia,"$3,415,000","$3,415,000",GUARANTEED,"$3,415,000","$3,415,000",GUARANTEED,,,,,,,,,,,,,"$7,321,887"
Ariel Hukporti,Philadelphia,"$1,955,377","$1,955,377",GUARANTEED,"$3,400,000","$3,400,000",GUARANTEED,,,,,,,,,,,,,"$6,419,426"
Jabari Walker,Philadelphia,"$724,598","$724,598",GUARANTEED,"$2,584,539","$250,000",PARTIAL G,,,,,,,,,,,,,"$2,994,297"
Tacko Fall,Philadelphia,,,,"$2,537,526",$0,NOT G,,,,,,,,,,,,,$0
Dillon Jones,Philadelphia,"$267,022",$0,TWO-WAY,"$2,449,421",$0,NOT G,,,,,,,,,,,,,"$2,622,360"
Justin Edwards,Philadelphia,"$2,048,494","$2,048,494",GUARANTEED,"$2,411,090","$2,411,090",GUARANTEED,"$2,616,754",$0,TEAM OPT,,,,,,,,,,"$4,885,203"
Adem Bona,Philadelphia,"$1,955,377","$1,955,377",GUARANTEED,"$2,296,271",$0,NOT G,"$2,486,995","$2,486,995",GUARANTEED,,,,,,,,,,"$5,599,525"
Saint Thomas,Philadelphia,,,,"$1,357,763",$0,NOT G,,,,,,,,,,,,,$0
Jameer Nelson Jr,Philadelphia,,,,"$1,357,763",$0,NOT G,,,,,,,,,,,,,$0
Duke Miles,Philadelphia,,,,"$1,357,763",$0,NOT G,,,,,,,,,,,,,$0
Caleb Love,Philadelphia,"$636,435",$0,TWO-WAY,"$678,882",$0,TWO-WAY,,,,,,,,,,,,,$0
Rayan Rupert,Philadelphia,"$128,686",$0,TWO-WAY,"$678,882",$0,TWO-WAY,,,,,,,,,,,,,"$1,891,857"
Devin Booker,Phoenix,"$53,142,264","$53,142,264",GUARANTEED,"$57,078,728","$57,078,728",GUARANTEED,"$61,015,192","$61,015,192",GUARANTEED,"$69,877,500","$69,877,500",GUARANTEED,"$75,467,700","$75,467,700",GUARANTEED,,,,"$365,787,184"
Jalen Green,Phoenix,"$33,584,499","$33,584,499",GUARANTEED,"$36,251,166","$36,251,166",GUARANTEED,"$36,000,000","$36,000,000",PLAYER OPT,,,,,,,,,,"$118,318,713"
Miles Bridges,Phoenix,"$25,000,000","$25,000,000",GUARANTEED,"$22,826,087","$22,826,087",GUARANTEED,,,,,,,,,,,,,"$75,000,000"
Dillon Brooks,Phoenix,"$22,124,110","$22,124,110",GUARANTEED,"$20,992,727","$20,992,727",GUARANTEED,"$22,530,864","$22,530,864",GUARANTEED,"$24,333,333","$24,333,333",GUARANTEED,"$26,135,802","$26,135,802",GUARANTEED,,,,"$139,372,329"
Mark Williams,Phoenix,"$6,276,531","$6,276,531",GUARANTEED,"$11,728,395","$11,728,395",GUARANTEED,"$12,666,667","$12,666,667",GUARANTEED,"$13,604,938","$13,604,938",GUARANTEED,,,,,,,"$48,370,811"
Collin Gillespie,Phoenix,"$2,378,870","$2,296,274",GUARANTEED,"$10,714,286","$10,714,286",GUARANTEED,"$11,571,429","$11,571,429",GUARANTEED,"$12,428,571","$12,428,571",GUARANTEED,"$13,285,714","$13,285,714",GUARANTEED,,,,"$50,378,870"
Khaman Maluach,Phoenix,"$6,016,080","$6,016,080",GUARANTEED,"$6,316,680","$6,316,680",GUARANTEED,"$6,617,160","$6,617,160",GUARANTEED,"$8,436,879",$0,TEAM OPT,,,,,,,"$18,949,920"
Luke Kennard,Phoenix,"$11,000,000","$11,000,000",GUARANTEED,"$6,064,000","$6,064,000",GUARANTEED,"$6,367,200","$6,367,200",PLAYER OPT,,,,,,,,,,"$32,681,200"
Jordan Goodwin,Phoenix,"$2,349,578","$2,349,578",GUARANTEED,"$5,864,198","$5,864,198",GUARANTEED,"$6,333,333","$6,333,333",GUARANTEED,"$6,802,469","$6,802,469",PLAYER OPT,,,,,,,"$21,573,296"
Haywood Highsmith,Phoenix,"$827,984","$827,984",GUARANTEED,"$3,066,143",$0,NOT G,,,,,,,,,,,,,"$6,027,984"
Koa Peat,Phoenix,,,,"$2,926,800","$2,926,800",GUARANTEED,"$3,073,080","$3,073,080",GUARANTEED,"$3,219,840",$0,TEAM OPT,"$5,811,811",$0,TEAM OPT,,,,"$5,999,880"
Ryan Dunn,Phoenix,"$2,657,760","$2,657,760",GUARANTEED,"$2,784,240","$2,784,240",GUARANTEED,"$5,025,553","$5,025,553",GUARANTEED,,,,,,,,,,"$12,998,353"
Jamaree Bouyea,Phoenix,"$574,210","$574,210",GUARANTEED,"$2,584,539",$0,NOT G,,,,,,,,,,,,,"$574,210"
Duop Reath,Phoenix,,,,"$2,537,526",$0,NOT G,,,,,,,,,,,,,"$2,048,780"
Kennedy Chandler,Phoenix,,,,"$2,449,421",$0,NOT G,,,,,,,,,,,,,$0
Oso Ighodaro,Phoenix,"$1,955,377","$1,955,377",GUARANTEED,"$2,296,271","$250,000",PARTIAL G,"$2,486,995",$0,TEAM OPT,,,,,,,,,,"$3,362,530"
Phillip Wheeler,Phoenix,,,,"$2,185,116",$0,NOT,,,,,,,,,,,,,$0
Rasheer Fleming,Phoenix,"$1,272,870","$1,272,870",GUARANTEED,"$2,150,917","$2,150,917",GUARANTEED,"$2,525,901","$2,150,917",GUARANTEED,"$2,735,698",$0,TEAM OPT,,,,,,,"$5,949,688"
Pat Spencer,Phoenix,"$857,804","$857,804",GUARANTEED,"$678,882",$0,TWO-WAY,,,,,,,,,,,,,"$1,296,614"
Koby Brea,Phoenix,"$636,435",$0,TWO-WAY,"$678,882",$0,TWO-WAY,,,,,,,,,,,,,$0
CJ Huntley,Phoenix,"$135,120",$0,TWO-WAY,"$678,882",$0,TWO-WAY,,,,,,,,,,,,,$0
Ja Morant,Portland,"$39,446,090","$39,446,090",GUARANTEED,"$42,166,510","$42,166,510",GUARANTEED,"$44,886,930","$44,886,930",GUARANTEED,,,,,,,,,,"$163,225,200"
Jrue Holiday,Portland,"$32,400,000","$32,400,000",GUARANTEED,"$34,800,000","$34,800,000",GUARANTEED,"$37,200,000","$37,200,000",PLAYER OPT,,,,,,,,,,"$134,400,000"
Shaedon Sharpe,Portland,"$8,399,983","$8,399,983",GUARANTEED,"$20,089,286","$20,089,286",GUARANTEED,"$21,696,429","$21,696,429",GUARANTEED,"$23,303,571","$23,303,571",GUARANTEED,"$24,910,714","$24,910,714",GUARANTEED,,,,"$105,014,143"
Toumani Camara,Portland,"$2,221,677","$2,221,677",GUARANTEED,"$18,080,358","$18,080,358",GUARANTEED,"$19,526,786","$19,526,786",GUARANTEED,"$20,973,214","$20,973,214",GUARANTEED,"$22,419,642","$22,419,642",GUARANTEED,,,,"$85,113,534"
Robert Williams,Portland,"$13,285,713","$13,285,713",GUARANTEED,"$14,000,000","$14,000,000",GUARANTEED,"$14,500,000","$5,000,000",PARTIAL G,"$15,000,000",$0,NOT G,,,,,,,"$44,714,284"
Scoot Henderson,Portland,"$10,748,040","$10,748,040",GUARANTEED,"$13,585,523","$13,585,523",GUARANTEED,,,,,,,,,,,,,"$34,592,723"
Damian Lillard,Portland,"$14,104,000","$14,104,000",GUARANTEED,"$13,398,800","$13,398,800",GUARANTEED,"$14,104,000","$14,104,000",PLAYER OPT,,,,,,,,,,"$90,394,476"
Deni Avdija,Portland,"$14,375,000","$14,375,000",GUARANTEED,"$13,125,000","$13,125,000",GUARANTEED,"$11,875,000","$11,875,000",GUARANTEED,,,,,,,,,,"$55,000,000"
Donovan Clingan,Portland,"$7,178,400","$7,178,400",GUARANTEED,"$7,519,920","$7,519,920",GUARANTEED,"$9,550,298",$0,TEAM OPT,,,,,,,,,,"$21,534,720"
Yang Hansen,Portland,"$4,422,360","$4,422,360",GUARANTEED,"$4,643,520","$4,643,520",GUARANTEED,"$4,864,920",$0,TEAM OPT,"$7,462,787",$0,TEAM OPT,,,,,,,"$9,065,880"
Micah Potter,Portland,"$1,527,805","$1,527,805",GUARANTEED,"$2,801,346",$0,NOT G,,,,,,,,,,,,,"$1,527,805"
Vit Krejci,Portland,"$2,349,578","$2,349,578",GUARANTEED,"$2,667,944","$250,000",PARTIAL G,"$3,005,085",$0,TEAM OPT,,,,,,,,,,"$4,762,184"
Jeremy Sochan,Portland,"$806,628","$778,622",GUARANTEED,"$2,625,627",$0,NOT G,,,,,,,,,,,,,"$6,376,668"
Sidy Cissoko,Portland,"$686,243","$686,243",GUARANTEED,"$2,497,812","$2,497,812",GUARANTEED,,,,,,,,,,,,,"$3,184,055"
Branden Carlson,Portland,"$636,435",$0,TWO-WAY,"$2,449,421","$2,449,421",GUARANTEED,,,,,,,,,,,,,"$2,449,421"
Jaylen Martin,Portland,"$636,435",$0,TWO-WAY,"$2,449,421",$0,NOT G,,,,,,,,,,,,,$0
Chris Youngblood,Portland,"$131,903",$0,TWO-WAY,"$678,882",$0,TWO-WAY,,,,,,,,,,,,,$0
Jayson Kent,Portland,"$131,903",$0,TWO-WAY,"$678,882",$0,TWO-WAY,,,,,,,,,,,,,$0
John Tonje,Portland,"$138,337",$0,TWO-WAY,"$678,882",$0,TWO-WAY,"$716,081",$0,TWO-WAY,,,,,,,,,,$0
Zach LaVine,Sacramento,"$47,499,660","$47,499,660",GUARANTEED,"$48,967,380","$48,967,380",GUARANTEED,,,,,,,,,,,,,"$140,998,980"
Domantas Sabonis,Sacramento,"$42,336,000","$42,336,000",GUARANTEED,"$45,472,000","$45,472,000",GUARANTEED,"$48,608,000","$48,608,000",GUARANTEED,,,,,,,,,,"$175,616,000"
De'Andre Hunter,Sacramento,"$23,303,571","$23,303,571",GUARANTEED,"$24,910,714","$24,910,714",GUARANTEED,,,,,,,,,,,,,"$69,910,714"
Keegan Murray,Sacramento,"$11,144,093","$11,144,093",GUARANTEED,"$24,137,936","$24,137,936",GUARANTEED,"$26,068,965","$26,068,965",GUARANTEED,"$27,999,999","$27,999,999",GUARANTEED,"$29,931,033","$29,931,033",GUARANTEED,"$31,862,067","$31,862,067",GUARANTEEED,"$159,953,653"
Malik Monk,Sacramento,"$18,797,619","$18,797,619",GUARANTEED,"$20,190,035","$20,190,035",GUARANTEED,"$21,582,451","$21,582,451",PLAYER OPT,,,,,,,,,,"$77,975,308"
Darius Acuff,Sacramento,,,,"$8,021,640","$8,021,640",GUARANTEED,"$8,422,920","$8,422,920",GUARANTEED,"$8,823,600",$0,TEAM OPT,"$11,205,972",$0,TEAM OPT,,,,"$17,426,462"
Precious Achiuwa,Sacramento,"$2,453,285","$2,111,516",GUARANTEED,"$5,477,000","$5,477,000",GUARANTEED,"$5,750,850","$5,750,850",GUARANTEED,,,,,,,,,,"$19,681,135"
Elfrid Payton,Sacramento,,,,"$3,524,115",$0,NOT G,,,,,,,,,,,,,$0
Ben Simmons,Sacramento,"$636,435",$0,TWO-WAY,"$3,524,115",$0,NOT G,,,,,,,,,,,,,$0
Nique Clifford,Sacramento,"$3,108,120","$3,108,120",GUARANTEED,"$3,263,400","$3,263,400",GUARANTEED,"$3,418,800",$0,TEAM OPT,"$5,979,481",$0,TEAM OPT,,,,,,,"$6,371,520"
Alex Karaban,Sacramento,,,,"$2,948,280","$2,948,280",GUARANTEED,"$3,095,640","$3,095,640",GUARANTEED,"$3,243,120",$0,TEAM OPT,"$5,853,832",$0,TEAM OPT,,,,"$7,025,822"
Daeqwon Plowden,Sacramento,"$636,435",$0,TWO-WAY,"$2,449,422","$2,449,422",GUARANTEED,"$2,664,401",$0,TEAM OPT,,,,,,,,,,"$2,449,422"
Leaky Black,Sacramento,"$321,714",$0,TWO-WAY,"$2,449,421",$0,NOT G,,,,,,,,,,,,,$0
Tristen Newton,Sacramento,"$321,714",$0,TWO-WAY,"$2,449,421",$0,NOT G,,,,,,,,,,,,,$0
Maxime Raynaud,Sacramento,"$1,272,870","$1,272,870",GUARANTEED,"$2,150,917","$2,150,917",GUARANTEED,"$2,525,901",$0,TEAM OPT,,,,,,,,,,"$3,423,787"
Dylan Cardwell,Sacramento,"$871,000","$871,000",GUARANTEED,"$2,150,917","$2,150,917",GUARANTEED,"$2,525,901",$0,NOT G,"$2,735,698",$0,TEAM OPT,,,,,,,"$3,021,917"
Emanuel Sharp,Sacramento,,,,"$1,357,763","$1,357,763",GUARANTEED,"$2,294,371","$2,294,371",GUARANTEED,"$2,694,363",$0,NOT G,,,,,,,"$3,652,134"
Jonathan Mogbo,Sacramento,"$1,955,377","$1,955,377",GUARANTEED,"$678,882",$0,TWO-WAY,"$716,081",$0,TWO-WAY,,,,,,,,,,"$3,817,642"
Adam Flagler,Sacramento,,,,"$678,882",$0,TWO-WAY,"$716,081",$0,TWO-WAY,,,,,,,,,,$0
De'Aaron Fox,San Antonio,"$37,096,620","$37,096,620",GUARANTEED,"$49,488,300","$49,488,300",GUARANTEED,"$53,447,364","$53,447,364",GUARANTEED,"$57,406,428","$57,406,428",GUARANTEED,"$61,365,492","$61,365,492",GUARANTEED,,,,"$293,652,544"
Devin Vassell,San Antonio,"$27,500,000","$27,500,000",GUARANTEED,"$27,500,000","$27,500,000",GUARANTEED,"$25,108,696","$25,108,696",GUARANTEED,"$27,500,000","$27,500,000",GUARANTEED,,,,,,,"$136,956,522"
Keldon Johnson,San Antonio,"$18,000,000","$18,000,000",GUARANTEED,"$18,000,000","$18,000,000",GUARANTEED,,,,,,,,,,,,,"$55,000,000"
Victor Wembanyama,San Antonio,"$13,376,880","$13,376,880",GUARANTEED,"$16,868,246","$16,868,246",GUARANTEED,"$44,000,000","$44,000,000",GUARANTEED,"$47,520,000","$47,520,000",GUARANTEED,"$51,040,000","$51,040,000",GUARANTEED,"$54,560,000","$54,560,000",GUARANTEED,"$298,134,086"
Julian Champagnie,San Antonio,"$3,000,000","$3,000,000",GUARANTEED,"$15,350,000","$15,350,000",GUARANTEED,"$15,000,000","$15,000,000",GUARANTEED,"$14,650,000","$14,650,000",GUARANTEED,,,,,,,"$51,000,000"
Tobias Harris,San Antonio,"$26,634,146","$26,634,146",GUARANTEED,"$15,044,000","$15,044,000",GUARANTEED,"$15,796,200","$15,796,200",GUARANTEED,,,,,,,,,,"$82,840,200"
Dylan Harper,San Antonio,"$12,370,320","$12,370,320",GUARANTEED,"$12,989,040","$12,989,040",GUARANTEED,"$13,607,760",$0,TEAM OPT,"$17,172,993",$0,TEAM OPT,,,,,,,"$25,359,360"
Luke Kornet,San Antonio,"$11,000,000","$11,000,000",GUARANTEED,"$10,450,000","$10,450,000",GUARANTEED,"$9,900,000","$2,550,000",PARTIAL G,"$9,350,000","$9,350,000",GUARANTEED,,,,,,,"$36,150,834"
Stephon Castle,San Antonio,"$9,560,520","$9,560,520",GUARANTEED,"$10,015,920","$10,015,920",GUARANTEED,"$12,670,139",$0,TEAM OPT,,,,,,,,,,"$28,681,560"
Harrison Barnes,San Antonio,"$19,000,000","$19,000,000",GUARANTEED,"$8,000,000","$8,000,000",GUARANTEED,,,,,,,,,,,,,"$45,000,000"
Carter Bryant,San Antonio,"$4,900,320","$4,900,320",GUARANTEED,"$5,145,360","$5,145,360",GUARANTEED,"$5,390,640",$0,TEAM OPT,"$7,983,538",$0,TEAM OPT,,,,,,,"$10,045,680"
Jayden Quaintance,San Antonio,,,,"$3,902,760","$3,902,760",GUARANTEED,"$4,097,880","$4,097,880",GUARANTEED,"$4,292,880",$0,TEAM OPT,"$6,619,621",$0,TEAM OPT,,,,"$8,982,542"
Jordan McLaughlin,San Antonio,"$2,874,436","$2,296,274",GUARANTEED,"$3,286,399","$2,449,421",GUARANTEED,,,,,,,,,,,,,"$8,586,238"
Tarris Reed,San Antonio,,,,"$3,076,920","$3,076,920",GUARANTEED,"$3,230,520","$3,230,520",GUARANTEED,"$3,384,480",$0,TEAM OPT,"$6,102,217",$0,TEAM OPT,,,,"$7,289,342"
Malik Williams,San Antonio,,,,"$2,449,421",$0,NOT G,,,,,,,,,,,,,$0
Taelon Peter,San Antonio,"$636,435",$0,TWO-WAY,"$2,185,116",$0,NOT G,,,,,,,,,,,,,$0
RJ Davis,San Antonio,,,,"$1,357,763",$0,NOT G,,,,,,,,,,,,,$0
Jon Elmore,San Antonio,,,,"$1,357,763",$0,NOT G,,,,,,,,,,,,,$0
David Jones,San Antonio,"$636,435",$0,TWO-WAY,"$678,882",$0,TWO-WAY,,,,,,,,,,,,,$0
Maliq Brown,San Antonio,"$157,640",$0,TWO-WAY,"$678,882",$0,TWO-WAY,,,,,,,,,,,,,$0
Ja'Kobi Gillespie,San Antonio,"$157,640",$0,TWO-WAY,"$678,882",$0,TWO-WAY,,,,,,,,,,,,,$0
Kawhi Leonard,Toronto,"$50,000,000","$50,000,000",GUARANTEED,"$50,300,000","$50,300,000",GUARANTEED,"$56,100,000","$56,100,000",GUARANTEED,"$58,900,000","$58,900,000",PLAYER OPT,,,,,,,"$264,505,800"
Scottie Barnes,Toronto,"$38,661,750","$38,661,750",GUARANTEED,"$41,754,690","$41,754,690",GUARANTEED,"$44,847,630","$44,847,630",GUARANTEED,"$47,940,570","$47,940,570",GUARANTEED,"$51,033,444","$51,033,444",GUARANTEED,,,,"$234,369,064"
Immanuel Quickley,Toronto,"$32,500,000","$32,500,000",GUARANTEED,"$32,500,000","$32,500,000",GUARANTEED,"$32,500,000","$32,500,000",GUARANTEED,"$32,500,000","$32,500,000",GUARANTEED,,,,,,,"$162,500,000"
RJ Barrett,Toronto,"$27,705,357","$27,705,357",GUARANTEED,"$29,616,071","$29,616,071",GUARANTEED,,,,,,,,,,,,,"$83,116,071"
Jakob Poeltl,Toronto,"$19,500,000","$19,500,000",GUARANTEED,"$19,500,000","$19,500,000",GUARANTEED,"$27,300,000","$27,300,000",GUARANTEED,"$29,484,000","$29,484,000",GUARANTEED,"$27,300,000","$5,000,000",PARTIAL G,,,,"$120,284,000"
Collin Murray-Boyles,Toronto,"$6,332,520","$6,332,520",GUARANTEED,"$6,649,560","$6,649,560",GUARANTEED,"$6,966,000",$0,TEAM OPT,"$8,874,684",$0,TEAM OPT,,,,,,,"$12,982,080"
Allen Graves,Toronto,,,,"$4,065,720","$4,065,720",GUARANTEED,"$4,268,880","$4,268,880",GUARANTEED,"$4,472,640",$0,TEAM OPT,"$6,887,866",$0,TEAM OPT,,,,"$9,316,502"
Kyle Anderson,Toronto,"$898,095","$567,470",GUARANTEED,"$3,876,529","$2,449,421",GUARANTEED,,,,,,,,,,,,,"$13,555,112"
Ja'Kobe Walter,Toronto,"$3,638,160","$3,638,160",GUARANTEED,"$3,811,800","$3,811,800",GUARANTEED,"$5,870,172",$0,TEAM OPT,,,,,,,,,,"$10,914,960"
Andre Jackson,Toronto,"$2,221,677","$2,221,677",GUARANTEED,"$2,537,526",$0,NOT G,,,,,,,,,,,,,"$4,113,534"
Trayce Jackson-Davis,Toronto,"$2,221,677","$2,221,677",GUARANTEED,"$2,406,205","$2,406,205",GUARANTEED,,,,,,,,,,,,,"$6,519,739"
Jamal Shead,Toronto,"$1,955,377","$1,955,377",GUARANTEED,"$2,296,271","$2,296,271",GUARANTEED,"$8,000,000","$8,000,000",GUARANTEED,"$8,000,000","$8,000,000",GUARANTEED,"$8,000,000",$0,TEAM OPT,,,,"$22,113,913"
Jamison Battle,Toronto,"$1,955,377","$1,955,377",GUARANTEED,"$2,296,271","$2,296,271",GUARANTEED,,,,,,,,,,,,,"$5,251,648"
Alijah Martin,Toronto,"$636,435",$0,TWO-WAY,"$2,185,116","$2,185,116",GUARANTEED,"$2,571,895","$500,000",PARTIAL G,,,,,,,,,,"$2,685,116"
Tyreke Key,Toronto,,,,"$2,185,116",$0,NOT G,,,,,,,,,,,,,$0
Jaden Bradley,Toronto,"$157,640",$0,TWO-WAY,"$1,357,763","$1,357,763",GUARANTEED,"$2,294,370",$0,NOT G,"$2,694,363",$0,NOT G,"$2,918,152",$0,TEAM OPT,,,,"$1,357,763"
Nate Bittle,Toronto,,,,"$1,357,763",$0,NOT G,,,,,,,,,,,,,$0
Nimari Burnett,Toronto,,,,"$1,357,763",$0,NOT G,,,,,,,,,,,,,$0
Malachi Smith,Toronto,"$65,838","$65,838",GUARANTEED,"$678,882",$0,TWO-WAY,,,,,,,,,,,,,"$65,838"
Trey Jemison,Toronto,"$636,435",$0,TWO-WAY,"$678,882",$0,TWO-WAY,,,,,,,,,,,,,$0
Chucky Hepburn,Toronto,"$636,435",$0,TWO-WAY,"$678,882",$0,TWO-WAY,,,,,,,,,,,,,$0
Jaren Jackson Jr,Utah,"$35,000,000","$35,000,000",GUARANTEED,"$49,000,000","$49,000,000",GUARANTEED,"$50,500,000","$50,500,000",GUARANTEED,"$52,000,000","$52,000,000",GUARANTEED,"$53,500,000","$53,500,000",PLAYER OPT,,,,"$265,257,798"
Lauri Markkanen,Utah,"$46,394,100","$46,394,100",GUARANTEED,"$46,113,154","$46,113,154",GUARANTEED,"$49,824,681","$49,824,681",GUARANTEED,"$53,536,209","$53,536,209",GUARANTEED,,,,,,,"$238,044,544"
Josh Green,Utah,"$13,666,667","$13,666,667",GUARANTEED,"$14,679,012","$14,679,012",GUARANTEED,,,,,,,,,,,,,"$41,000,000"
Darryn Peterson,Utah,,,,"$13,195,320","$13,195,320",GUARANTEED,"$13,855,320","$13,855,320",GUARANTEED,"$14,515,320",$0,TEAM OPT,"$18,318,334",$0,TEAM OPT,,,,"$28,032,542"
Jusuf Nurkic,Utah,"$19,375,000","$19,375,000",GUARANTEED,"$11,458,333","$11,458,333",GUARANTEED,"$10,541,667","$10,541,667",GUARANTEED,,,,,,,,,,"$59,500,000"
Ace Bailey,Utah,"$9,069,840","$9,069,840",GUARANTEED,"$9,523,080","$9,523,080",GUARANTEED,"$9,976,560",$0,TEAM OPT,"$12,640,302",$0,TEAM OPT,,,,,,,"$18,592,920"
Keyonte George,Utah,"$4,278,960","$4,278,960",GUARANTEED,"$6,563,925","$6,563,925",GUARANTEED,"$28,703,704","$28,703,704",GUARANTEED,"$29,851,852","$29,851,852",GUARANTEED,"$31,000,000","$31,000,000",GUARANTEED,"$32,148,148","$32,148,148",GUARANTEED,"$169,927,085"
Jaxson Hayes,Utah,"$3,449,323","$3,449,323",GUARANTEED,"$6,000,000","$6,000,000",GUARANTEED,"$6,000,000",$0,TEAM OPT,,,,,,,,,,"$11,913,269"
Josh Okogie,Utah,"$3,080,921","$2,296,274",GUARANTEED,"$6,000,000","$6,000,000",GUARANTEED,"$6,000,000",$0,TEAM OPT,,,,,,,,,,"$17,330,921"
Brice Sensabaugh,Utah,"$2,693,760","$2,693,760",GUARANTEED,"$4,862,237","$4,862,237",GUARANTEED,,,,,,,,,,,,,"$10,127,477"
Sviatoslav Mykhailiuk,Utah,"$3,675,000","$3,675,000",GUARANTEED,"$3,850,000","$3,850,000",GUARANTEED,"$4,025,000",$0,NOT G,,,,,,,,,,"$11,025,000"
Mo Bamba,Utah,,,,"$3,506,659","$200,000",PARTIAL G,"$3,700,320",$0,TEAM OPT,,,,,,,,,,"$200,000"
Kyle Filipowski,Utah,"$3,000,000","$3,000,000",GUARANTEED,"$3,000,000","$3,000,000",GUARANTEED,"$3,000,000",$0,TEAM OPT,,,,,,,,,,"$9,000,000"
Isaiah Collier,Utah,"$2,638,200","$2,638,200",GUARANTEED,"$2,763,960","$2,763,960",GUARANTEED,"$4,988,948",$0,TEAM OPT,,,,,,,,,,"$7,914,840"
Harrison Ingram,Utah,"$636,435",$0,TWO-WAY,"$2,449,421",$0,NOT G,,,,,,,,,,,,,$0
Terrell Brown,Utah,,,,"$1,357,763",$0,NOT G,,,,,,,,,,,,,$0
Jonas Aidoo,Utah,,,,"$1,357,763",$0,NOT G,,,,,,,,,,,,,$0
Blake Hinson,Utah,"$202,680",$0,TWO-WAY,"$678,882",$0,TWO-WAY,,,,,,,,,,,,,$0
Trey Alexander,Utah,"$636,435",$0,TWO-WAY,"$678,882",$0,TWO-WAY,,,,,,,,,,,,,$0
Tamar Bates,Utah,,,,"$678,882",$0,TWO-WAY,"$716,081",$0,TWO-WAY,,,,,,,,,,$0
Anthony Davis,Washington,"$54,126,450","$54,126,450",GUARANTEED,"$58,456,566","$58,456,566",GUARANTEED,"$62,786,682","$62,786,682",GUARANTEED,,,,,,,,,,"$218,589,138"
Trae Young,Washington,"$46,394,100","$46,394,100",GUARANTEED,"$49,488,300","$49,488,300",GUARANTEED,"$50,478,066","$50,478,066",GUARANTEED,"$54,437,130","$54,437,130",GUARANTEED,"$58,396,194","$58,396,194",PLAYER OPT,,,,"$302,225,730"
AJ Dybantsa,Washington,,,,"$14,748,000","$14,748,000",GUARANTEED,"$15,485,760","$15,485,760",GUARANTEED,"$16,223,040",$0,TEAM OPT,"$20,457,253",$0,TEAM OPT,,,,"$31,215,662"
Alex Sarr,Washington,"$11,808,240","$11,808,240",GUARANTEED,"$12,370,680","$12,370,680",GUARANTEED,"$15,611,798",$0,TEAM OPT,,,,,,,,,,"$35,424,600"
Bilal Coulibaly,Washington,"$7,275,600","$7,275,600",GUARANTEED,"$9,240,012","$9,240,012",GUARANTEED,,,,,,,,,,,,,"$23,460,852"
Tre Johnson,Washington,"$8,237,640","$8,237,640",GUARANTEED,"$8,649,600","$8,649,600",GUARANTEED,"$9,061,680",$0,TEAM OPT,"$11,490,210",$0,TEAM OPT,,,,,,,"$16,887,240"
Deandre Ayton,Washington,"$8,104,000","$8,104,000",GUARANTEED,"$8,104,000","$8,104,000",GUARANTEED,,,,,,,,,,,,,"$50,213,126"
Tre Mann,Washington,"$8,000,000","$8,000,000",GUARANTEED,"$8,000,000","$8,000,000",GUARANTEED,"$8,000,000",$0,TEAM OPT,,,,,,,,,,"$20,908,373"
Khris Middleton,Washington,"$35,086,419","$35,086,419",GUARANTEED,"$5,591,122","$5,591,122",GUARANTEED,"$5,870,678","$908,878",PARTIAL G,"$6,150,234",$0,NOT G,,,,,,,"$72,586,419"
Carlton Carrington,Washington,"$4,677,600","$4,677,600",GUARANTEED,"$4,900,560","$4,900,560",GUARANTEED,"$7,257,729",$0,TEAM OPT,,,,,,,,,,"$14,033,040"
Will Riley,Washington,"$3,512,520","$3,512,520",GUARANTEED,"$3,688,320","$3,688,320",GUARANTEED,"$3,864,000",$0,TEAM OPT,"$6,155,352",$0,TEAM OPT,,,,,,,"$7,200,840"
Kyshawn George,Washington,"$2,966,760","$2,966,760",GUARANTEED,"$3,108,000","$3,108,000",GUARANTEED,"$5,435,892",$0,TEAM OPT,,,,,,,,,,"$8,900,280"
Anthony Gill,Washington,"$2,667,947","$2,296,274",GUARANTEED,"$3,066,143",$0,NOT G,,,,,,,,,,,,,"$4,905,638"
Tristan Vukcevic,Washington,"$2,857,143","$2,857,143",GUARANTEED,"$3,000,000","$3,000,000",GUARANTEED,"$3,000,000",$0,TEAM OPT,,,,,,,,,,"$5,857,143"
Justin Champagnie,Washington,"$2,349,578","$2,349,578",GUARANTEED,"$2,667,944",$0,NOT G,"$3,005,085",$0,TEAM OPT,,,,,,,,,,"$4,149,578"
Chris Livingston,Washington,,,,"$2,537,526",$0,NOT G,,,,,,,,,,,,,"$1,891,857"
Trevor Keels,Washington,"$173,725",$0,TWO-WAY,"$2,449,421",$0,NOT G,,,,,,,,,,,,,$0
Reece Beekman,Washington,,,,"$2,185,116",$0,NOT G,,,,,,,,,,,,,$0
Jazian Gortman,Washington,,,,"$2,185,116",$0,NOT G,,,,,,,,,,,,,"$1,891,857"
Jamir Watkins,Washington,"$1,131,970","$1,131,970",GUARANTEED,"$678,882",$0,TWO-WAY,,,,,,,,,,,,,"$1,131,970"
Felix Okpara,Washington,"$1,131,970","$1,131,970",GUARANTEED,"$678,882",$0,TWO-WAY,,,,,,,,,,,,,"$1,131,970"
,,,,,,,,,,,,,,,,,,,,"$1,891,857"
,,,,,,,,,,,,,,,,,,,,$0
Russell Westbrook,,"$3,634,153","$2,296,274",GUARANTEED,,,,,,,,,,,,,,,,"$6,937,924"
Jonas Valanciunas,,"$10,395,000","$10,395,000",GUARANTEED,,,,,,,,,,,,,,,,"$20,295,000"
Cam Thomas,,,,,,,,,,,,,,,,,,,,"$4,041,249"
John Konchar,,"$6,165,000","$6,165,000",GUARANTEED,,,,,,,,,,,,,,,,"$12,330,000"
Nicolas Batum,,"$5,601,600","$5,601,600",GUARANTEED,,,,,,,,,,,,,,,,"$10,269,600"
Guerschon Yabusele,,"$5,500,000","$5,500,000",GUARANTEED,,,,,,,,,,,,,,,,"$7,587,519"
Aaron Holiday,,"$3,080,921","$2,296,274",GUARANTEED,,,,,,,,,,,,,,,,"$7,748,921"
Jaden Ivey,,,,,,,,,,,,,,,,,,,,"$21,395,348"
Vince Williams Jr,,,,,,,,,,,,,,,,,,,,"$2,120,693"
Kevin Love,,"$4,150,000","$4,150,000",GUARANTEED,,,,,,,,,,,,,,,,"$8,000,000"
Sharife Cooper,,"$636,435",$0,TWO-WAY,,,,,,,,,,,,,,,,$0
Rob Dillingham,,"$6,576,120","$6,576,120",GUARANTEED,,,,,,,,,,,,,,,,"$12,839,040"
Tyrese Martin,,"$170,508",$0,TWO-WAY,,,,,,,,,,,,,,,,"$635,853"
Lonzo Ball,,,,,,,,,,,,,,,,,,,,"$21,395,348"
Gabe Vincent,,"$11,500,000","$11,500,000",GUARANTEED,,,,,,,,,,,,,,,,"$22,500,000"
Kelly Olynyk,,"$13,445,122","$13,445,122",GUARANTEED,,,,,,,,,,,,,,,,"$26,250,000"
D'Angelo Russell,,"$5,685,000","$5,685,000",GUARANTEED,,,,,,,,,,,,,,,,"$24,377,307"
Keaton Wallace,,"$2,296,274","$2,296,274",GUARANTEED,,,,,,,,,,,,,,,,"$2,296,274"
Cole Anthony,,,,,,,,,,,,,,,,,,,,"$12,900,000"
Ethan Thompson,,"$431,096",$0,TWO-WAY,,,,,,,,,,,,,,,,$0
Nick Smith,,"$13,197","$13,197",GUARANTEED,,,,,,,,,,,,,,,,"$2,600,397"
Cameron Payne,,,,,,,,,,,,,,,,,,,,"$3,003,427"
Amir Coffey,,"$2,874,436","$2,296,274",GUARANTEED,,,,,,,,,,,,,,,,"$6,812,707"
Jordan Hawkins,,"$4,741,320","$4,741,320",GUARANTEED,,,,,,,,,,,,,,,,"$9,267,000"
Tyson Etienne,,"$636,435",$0,TWO-WAY,,,,,,,,,,,,,,,,$0
Maxi Kleber,,"$11,000,000","$11,000,000",GUARANTEED,,,,,,,,,,,,,,,,"$22,000,000"
EJ Liddell,,"$636,435",$0,TWO-WAY,,,,,,,,,,,,,,,,$0
Killian Hayes,,"$444,658","$444,658",GUARANTEED,,,,,,,,,,,,,,,,"$444,658"
Lachlan Olbrich,,"$636,435",$0,TWO-WAY,,,,,,,,,,,,,,,,$0
Lindy Waters III,,"$2,461,463","$2,296,274",GUARANTEED,,,,,,,,,,,,,,,,"$4,658,433"
AJ Lawson,,"$27,343","$26,394",GUARANTEED,,,,,,,,,,,,,,,,"$127,343"
Doug McDermott,,"$3,634,153","$2,296,274",GUARANTEED,,,,,,,,,,,,,,,,"$6,937,924"
Jeremiah Robinson-Earl,,,,,,,,,,,,,,,,,,,,"$2,196,970"
Isaiah Livers,,"$636,435",$0,TWO-WAY,,,,,,,,,,,,,,,,$0
KJ Simpson,,"$170,508",$0,TWO-WAY,,,,,,,,,,,,,,,,$0
Tyler Burton,,,,,,,,,,,,,,,,,,,,$0
MarJon Beauchamp,,"$347,451",$0,TWO-WAY,,,,,,,,,,,,,,,,$0
Jeenathan Williams,,"$176,943",$0,TWO-WAY,,,,,,,,,,,,,,,,"$515,881"
Joe Ingles,,"$3,634,153","$2,296,274",GUARANTEED,,,,,,,,,,,,,,,,"$6,937,924"
DeJon Jarreau,,,,,,,,,,,,,,,,,,,,$0
Garrison Mathews,,,,,,,,,,,,,,,,,,,,"$2,230,253"
Alondes Williams,,,,,,,,,,,,,,,,,,,,$0
Xavier Tillman,,"$2,546,675","$2,546,675",GUARANTEED,,,,,,,,,,,,,,,,"$4,784,366"
Seth Curry,,"$2,777,830","$1,755,198",GUARANTEED,,,,,,,,,,,,,,,,"$6,081,601"
Chris Paul,,,,,,,,,,,,,,,,,,,,"$10,983,000"
Thanasis Antetokounmpo,,"$2,874,436","$2,296,274",GUARANTEED,,,,,,,,,,,,,,,,"$2,874,436"
David Roddy,,"$128,686",$0,TWO-WAY,,,,,,,,,,,,,,,,$0
Mason Plumlee,,"$939,867","$593,864",GUARANTEED,,,,,,,,,,,,,,,,"$4,243,638"
Jeff Green,,"$3,634,153","$2,296,274",GUARANTEED,,,,,,,,,,,,,,,,"$11,634,153"
Adama Bal,,,,,,,,,,,,,,,,,,,,$0
Tyler Smith,,"$141,554",$0,TWO-WAY,,,,,,,,,,,,,,,,"$1,157,153"
Andersson Garcia,,,,,,,,,,,,,,,,,,,,$0
Hunter Tyson,,,,,,,,,,,,,,,,,,,,"$1,891,857"
Johnny Juzang,,,,,,,,,,,,,,,,,,,,"$3,087,519"
Dariq Whitehead,,,,,,,,,,,,,,,,,,,,"$3,114,240"
Mac McClung,,"$215,548",$0,TWO-WAY,,,,,,,,,,,,,,,,$0
Lucas Williamson,,,,,,,,,,,,,,,,,,,,$0
Patrick Baldwin,,"$160,857",$0,TWO-WAY,,,,,,,,,,,,,,,,$0
Luke Travers,,,,,,,,,,,,,,,,,,,,$0
Bismack Biyombo,,"$3,634,153","$2,296,274",GUARANTEED,,,,,,,,,,,,,,,,"$4,431,615"
TyTy Washington,,"$344,234",$0,TWO-WAY,,,,,,,,,,,,,,,,$0
Taj Gibson,,"$960,753","$607,061",GUARANTEED,,,,,,,,,,,,,,,,"$4,264,524"
Omer Yurtseven,,,,,,,,,,,,,,,,,,,,$0
Eric Gordon,,,,,,,,,,,,,,,,,,,,$0
Olivier Sarr,,"$131,903",$0,TWO-WAY,,,,,,,,,,,,,,,,$0
Josh Oduro,,"$128,686",$0,TWO-WAY,,,,,,,,,,,,,,,,$0
Lawson Lovering,,,,,,,,,,,,,,,,,,,,$0
Nigel Hayes,,,,,,,,,,,,,,,,,,,,$0
DaQuan Jeffries,,,,,,,,,,,,,,,,,,,,"$2,425,404"
Skal Labissiere,,,,,,,,,,,,,,,,,,,,$0
Jahmir Young,,"$23,546","$23,546",GUARANTEED,,,,,,,,,,,,,,,,"$23,546"
Toby Okani,,,,,,,,,,,,,,,,,,,,$0
Garrett Temple,,"$3,634,153","$2,296,274",GUARANTEED,,,,,,,,,,,,,,,,"$6,937,924"
Chris Boucher,,,,,,,,,,,,,,,,,,,,"$10,810,000"
Payton Sandfort,,"$135,120",$0,TWO-WAY,,,,,,,,,,,,,,,,$0
Alex Antetokounmpo,,"$636,435",$0,TWO-WAY,,,,,,,,,,,,,,,,$0
Wendell Moore,,"$495,439",$0,TWO-WAY,,,,,,,,,,,,,,,,$0
Dalano Banton,,"$28,293","$28,293",GUARANTEED,,,,,,,,,,,,,,,,"$2,225,263"
Bobi Klintman,,,,,,,,,,,,,,,,,,,,"$1,257,153"
Mark Sears,,,,,,,,,,,,,,,,,,,,$0
Mouhamadou Gueye,,"$47,092","$47,092",GUARANTEED,,,,,,,,,,,,,,,,"$8,022,092"
Monte Morris,,,,,,,,,,,,,,,,,,,,"$2,800,834"
Johni Broome,,"$1,272,870","$1,272,870",GUARANTEED,,,,,,,,,,,,,,,,"$1,272,870"
Kyle Lowry,,"$3,634,153","$2,296,274",GUARANTEED,,,,,,,,,,,,,,,,"$6,937,924"
Jacob Toppin,,,,,,,,,,,,,,,,,,,,$0
N'Faly Dante,,,,,,,,,,,,,,,,,,,,$0
Dario Saric,,,,,,,,,,,,,,,,,,,,"$5,168,000"
Cody Martin,,,,,,,,,,,,,,,,,,,,"$8,120,000"
Hunter Sallis,,,,,,,,,,,,,,,,,,,,$0
Hunter Dickinson,,"$636,435",$0,TWO-WAY,,,,,,,,,,,,,,,,$0
Javonte Cooke,,,,,,,,,,,,,,,,,,,,$0
Buddy Boeheim,,,,,,,,,,,,,,,,,,,,$0
Stanley Umude,,,,,,,,,,,,,,,,,,,,$0
Trentyn Flowers,,,,,,,,,,,,,,,,,,,,$0
Max Shulga,,"$212,145","$212,145",GUARANTEED,,,,,,,,,,,,,,,,"$212,145"
Colby Jones,,,,,,,,,,,,,,,,,,,,"$2,120,691"
Markelle Fultz,,,,,,,,,,,,,,,,,,,,"$981,902"
Tosan Evbuomwan,,"$212,331",$0,GUARANTEED,,,,,,,,,,,,,,,,"$212,331"
Peter Suder,,,,,,,,,,,,,,,,,,,,$0
Rafael Castro,,"$157,640",$0,TWO-WAY,,,,,,,,,,,,,,,,$0
Jaelen House,,,,,,,,,,,,,,,,,,,,$0
Marquel Sutton,,,,,,,,,,,,,,,,,,,,$0